Chla_mean,Chla_SE,LRR_Mean,LRR_Var,Trt,N Lim,P Lim,NP Lim,Temp,NH4_ug_L,NO3_ug_L,DIN_ug_L,TN_mg_L,SRP_ug_L,TP_ug_L,NO3_SRP_Ratio,Canopy_Quant
5.08,1.74,NA,NA,Ctrl,No,No,No,5.8,,,20.35,,6.4,,6.87,
9.6,4,NA,NA,Ctrl,No,No,No,11.6,,,,0.29,,11.2,,
1.8,0.6,NA,NA,Ctrl,No,No,No,11.8,,,,0.27,,13.9,,
55.7,6,NA,NA,Ctrl,No,No,No,29.48,,,,,,,15.87,1.48
64.6,5.2,NA,NA,Ctrl,No,No,No,30.41,,,,,,,21.8,6.96
64.5,3.7,NA,NA,Ctrl,No,No,No,29.4,,,,,,,22.47,19.14
36.9,6.2,NA,NA,Ctrl,No,No,No,29.1,,,,,,,23.51,14.06
55.9,7.5,NA,NA,Ctrl,No,No,No,32.4,,,,,,,17.2,27.03
24.9,3.6,NA,NA,Ctrl,No,No,No,30.4,,,,,,,17.61,14.97
3.2,0.8,NA,NA,Ctrl,No,No,No,,,,,0.08,,16,,18.6
2.2,0.11,NA,NA,Ctrl,No,No,No,,,,,0.35,,38,,82.4
6,1.5,NA,NA,Ctrl,No,No,No,,,,,1.47,,46,,73.5
1.1,0.3,NA,NA,Ctrl,No,No,No,,,,,0.04,,16,,72.5
2,0.9,NA,NA,Ctrl,No,No,No,17,4,10,,,2.5,,6,
3.2,0.01,NA,NA,Ctrl,No,No,No,,6,29,,,2,,17,
1.8,1.4,NA,NA,Ctrl,No,No,No,,,,,,,,,
2.3,0.3,NA,NA,Ctrl,No,No,No,16,4,20,,,2,,12,
7.3,1.8,NA,NA,Ctrl,No,No,No,,4,52,,,1,,55,
4,0.7,NA,NA,Ctrl,No,No,No,17,5,154,,,1,,159,
0.5,0.1,NA,NA,Ctrl,No,No,No,,5,11,,,1,,16,
1.8,0.2,NA,NA,Ctrl,No,No,No,,,,,,,,,
0.9,0.6,NA,NA,Ctrl,No,No,No,,,,,,,,,
2.4,1.6,NA,NA,Ctrl,No,No,No,,,,,,,,,
0.7,0.2,NA,NA,Ctrl,No,No,No,,,,,,,,,
9.2,2.5,NA,NA,Ctrl,No,No,No,,,,,,,,,
0.4,0.3,NA,NA,Ctrl,No,No,No,,,,,,,,,
3,1.2,NA,NA,Ctrl,No,No,No,,,,,,,,,
108.9,9.9,NA,NA,Ctrl,No,No,No,,,,3270.3,3.537,319.7,398,19.7,66
102.7,9.9,NA,NA,Ctrl,No,No,No,,,,208,0.79,107.3,136.6,12.8,37.2
2147.7,443.2,NA,NA,Ctrl,No,No,No,,,,508.1,1.824,94.1,118,34.2,15.8
102.8,10.1,NA,NA,Ctrl,No,No,No,,,,4090.6,4.49,308,371.8,26.7,40
86.5,14.3,NA,NA,Ctrl,No,No,No,17.5,,250,,,10,,,
67.6,6.1,NA,NA,Ctrl,No,No,No,17.5,,250,,,10,,,
4.75,0.458530261,NA,NA,Ctrl,No,No,No,20.35,576,29,,,54,,89,
3.29,0.556560868,NA,NA,Ctrl,No,No,No,18.5,388.5,27,,,26,,104,
0.48,0.056920998,NA,NA,Ctrl,No,No,No,22.35,371,167,,,27,,131,
35.38,1.113121736,NA,NA,Ctrl,No,No,No,18.8,289.5,57,,,15,,60,
1.64,0.154951605,NA,NA,Ctrl,No,No,No,18.8,289.5,57,,,15,,60,
18.83,1.641222106,NA,NA,Ctrl,No,No,No,20.35,576,29,,,54,,89,
58,17,NA,NA,Ctrl,No,No,No,,,,,,,,,0
75.6,12.3,NA,NA,Ctrl,No,No,No,,,,,,,,,0
14.8,2,NA,NA,Ctrl,No,No,No,,,,,,,,,20
25.1,2.6,NA,NA,Ctrl,No,No,No,,,,,,,,,0
2.8,0.7,NA,NA,Ctrl,No,No,No,,,,,,,,,3
21.3,15.4,NA,NA,Ctrl,No,No,No,15,,20,,,,,,
8.1,2.4,NA,NA,Ctrl,No,No,No,16,,20,,,,,,
166.1,68.7,NA,NA,Ctrl,No,No,No,19,,,,,,,,
24.2,5,NA,NA,Ctrl,No,No,No,,,20,,,,,,
25.1,4.9,NA,NA,Ctrl,No,No,No,,,30,,,,,,
24.9,2.4,NA,NA,Ctrl,No,No,No,20,,20,,,,,,
83.8,23.3,NA,NA,Ctrl,No,No,No,18,,80,,,,,,
35.4,8.85,NA,NA,Ctrl,No,No,No,11.9,,,,4.76,,35,,44
46.7,11.35,NA,NA,Ctrl,No,No,No,13.8,,,,0.895,,61,,72
88.3,3.5,NA,NA,Ctrl,No,No,No,8.5,54,3658,,,107.3,,54.8,
88.3,3.5,NA,NA,Ctrl,No,No,No,8.5,54,3658,,,107.3,,54.8,
88.3,3.5,NA,NA,Ctrl,No,No,No,8.5,54,3658,,,107.3,,54.8,
30.8,10,NA,NA,Ctrl,No,No,No,8.5,18,3410,,,28.5,,186.6,
177.4,11.3,NA,NA,Ctrl,No,No,No,8.5,18,3410,,,28.5,,186.6,
177.4,11.3,NA,NA,Ctrl,No,No,No,8.5,18,3410,,,28.5,,186.6,
30.8,10,NA,NA,Ctrl,No,No,No,8.5,18,3410,,,28.5,,186.6,
230,41.3,NA,NA,Ctrl,No,No,No,8.5,54,3658,,,107.3,,54.8,
230,41.3,NA,NA,Ctrl,No,No,No,8.5,54,3658,,,107.3,,54.8,
177.4,11.3,NA,NA,Ctrl,No,No,No,8.5,18,3410,,,28.5,,186.6,
1.27,0.12,NA,NA,Ctrl,No,No,No,5,2.4,27.3,,,1.3,,52.5,
2.21,0.2,NA,NA,Ctrl,No,No,No,3.5,1.7,21.8,,,1.9,,27.3,
20.48,4.7,NA,NA,Ctrl,No,No,No,8.5,1.5,99.8,,,1.6,,144.6,
3.69,0.65,NA,NA,Ctrl,No,No,No,4.2,1.2,254.2,,,4,,143.1,
10.93,0.76,NA,NA,Ctrl,No,No,No,10,0.7,5.4,,,0.9,,15.6,
1.67,0.17,NA,NA,Ctrl,No,No,No,2.7,3.3,12.9,,,2.7,,48.2,
0.24,0.07,NA,NA,Ctrl,No,No,No,10.7,0.8,21,,,0.8,,64.4,
2.85,0.31,NA,NA,Ctrl,No,No,No,3.1,2.4,90,,,1.9,,108.7,
3.82,1.38,NA,NA,Ctrl,No,No,No,6.2,0.9,37.7,,,2,,43.8,
13.69,1.67,NA,NA,Ctrl,No,No,No,11.5,2,125.3,,,5,,56.9,
2.5,0.5,NA,NA,Ctrl,No,No,No,,,,23.1,0.5,30.8,62.15,20.5,
0.2,0.01,NA,NA,Ctrl,No,No,No,15,6.3,186.4,,,9.8,,,86.3
17.6,0.9,NA,NA,Ctrl,No,No,No,9.6,3.6,263.3,,,5.6,,,33.1
6,0.5,NA,NA,Ctrl,No,No,No,3.1,4.3,308.2,,,3.5,,,36.8
1.3,0.2,NA,NA,Ctrl,No,No,No,11.7,5.1,131.4,,,6.7,,,87
7,1,NA,NA,Ctrl,No,No,No,6.5,3.8,164.9,,,4.8,,,42
5.7,1.5,NA,NA,Ctrl,No,No,No,2.5,8.1,170.6,,,2.2,,,54.5
2.4,0.4,NA,NA,Ctrl,No,No,No,3.1,4.3,308.2,,,3.5,,,36.8
2.9,0.8,NA,NA,Ctrl,No,No,No,15,6.3,186.4,,,9.8,,,86.3
23.5,2.8,NA,NA,Ctrl,No,No,No,9.6,3.6,263.3,,,5.6,,,33.1
3.5,1,NA,NA,Ctrl,No,No,No,6.9,6.2,79.2,,,6.4,,,46.6
9.7,3,NA,NA,Ctrl,No,No,No,11.7,5.1,131.4,,,6.7,,,87
2.6,0.5,NA,NA,Ctrl,No,No,No,2.5,8.1,170.6,,,2.2,,,54.5
0.59,0.2,NA,NA,Ctrl,No,No,No,1,14.6,239.4,,,6.2,,,60.3
0.6,0.044271887,NA,NA,Ctrl,No,No,No,25.88888889,,26.826408,,,0.53,,,
49.7,4.237452065,NA,NA,Ctrl,No,No,No,,,3.718512,,,0.01,,,
28.1,2.305583285,NA,NA,Ctrl,No,No,No,,,13.2804,,,0.05,,,
9.6,0.822192192,NA,NA,Ctrl,No,No,No,22,,2.523276,,,0.01,,,
1.1,0.252982213,NA,NA,Ctrl,No,No,No,11.66666667,,3.585708,,,0.98,,,
0.42,0.05375872,NA,NA,Ctrl,No,No,No,25.77777778,,25.852512,,,0.18,,,
2.9,0.980306075,NA,NA,Ctrl,No,No,No,,,10.580052,,,0.02,,,
5.3,0.948683298,NA,NA,Ctrl,No,No,No,,,12.704916,,,0.03,,,
43.4,4.560838739,NA,NA,Ctrl,No,No,No,25.33333333,,6.41886,,,0.02,,,
24.1,1.866666667,NA,NA,Ctrl,No,No,No,,,14.16576,,,0.02,,,
19.5,2.245217139,NA,NA,Ctrl,No,No,No,24.66666667,,11.863824,,,0.02,,,
49.9,6.887089371,NA,NA,Ctrl,No,No,No,23.05555556,,6.684468,,,0.03,,,
31.7,2.434953798,NA,NA,Ctrl,No,No,No,25.94444444,,11.863824,,,0.03,,,
8.8,1.2655697,NA,NA,Ctrl,No,No,No,,,9.119208,,,0.04,,,
4.6,0.569209979,NA,NA,Ctrl,No,No,No,25.27777778,,14.077224,,,0.05,,,
7.7,0.866666667,NA,NA,Ctrl,No,No,No,,,34.706112,,,6.75,,,
388,22.7,NA,NA,Ctrl,No,No,No,24.6,30.2,484.1,526.7,0.81,73.1,138.4,12.3,27.3
140.3,23.5,NA,NA,Ctrl,No,No,No,16,,4460.5,,6.52,1720.5,2402.5,,
16.8,1.6,NA,NA,Ctrl,No,No,No,,,,,,,,,7.8
3.06,0.284604989,NA,NA,Ctrl,No,No,No,,40,20,,,80,170,,
22.86,3.4,NA,NA,Ctrl,No,No,No,,360,320,,,180,270,,
2.65,0.196061215,NA,NA,Ctrl,No,No,No,,40,10,,,10,60,,
12.32,1.517893277,NA,NA,Ctrl,No,No,No,,80,40,,,60,180,,
4,1,NA,NA,Ctrl,No,No,No,13,,74.5,,0.206,,20,10.5,5
8.8,1.897366596,NA,NA,Ctrl,No,No,No,,,10026.702,,4.115,280,340,,
2.8,0.85,NA,NA,Ctrl,No,No,No,,,,,,,,,
2.1,0.571547607,NA,NA,Ctrl,No,No,No,,,,,,,,,
11.8,3.8,NA,NA,Ctrl,No,No,No,,35,43,,,1,11,,90
19.2,4.8,NA,NA,Ctrl,No,No,No,6.6,,300,,,100,,,
7.2,2.4,NA,NA,Ctrl,No,No,No,0.5,,200,,,200,,,
4.8,3.6,NA,NA,Ctrl,No,No,No,29.9,,200,,,200,,,
0.41,0.03291,NA,NA,Ctrl,No,No,No,,,,,,,,,
6.4,2.213594362,NA,NA,Ctrl,No,No,No,,,788.2,,,11.4,42.3,,10
12.4,3.16227766,NA,NA,Ctrl,No,No,No,,13.6,711.2,,,24.6,64.3,,60
17.6,2.150348809,NA,NA,Ctrl,No,No,No,,18.5,250.3,,,24,65.7,,10
3.9,0.158113883,NA,NA,Ctrl,No,No,No,,36.2,332.1,,,94.1,141.4,,60
4.8,0.537587202,NA,NA,Ctrl,No,No,No,,15.7,252.4,,,60.7,119.8,,60
3.1,0.316227766,NA,NA,Ctrl,No,No,No,,16.6,301.1,,,68.7,116.7,,
3.4,0.790569415,NA,NA,Ctrl,No,No,No,,,827.1,,,14.2,30.4,,60
11,1.264911064,NA,NA,Ctrl,No,No,No,,,1086.8,,,22.7,37.8,,
20.8,1.454647724,NA,NA,Ctrl,No,No,No,,25.8,226.7,,,41.9,127.9,,10
1.8,0.063245553,NA,NA,Ctrl,No,No,No,,34.5,574.2,,,72.1,127.9,,
139.86,9.38863751,NA,NA,Ctrl,No,No,No,,,36,42.2,0.17,8.7,36.1,,
60,3.590662494,NA,NA,Ctrl,No,No,No,,,47.8,50.9,0.13,6.8,28.8,,
13.65,1.508078247,NA,NA,Ctrl,No,No,No,,,0.3,5.3,0.17,8,30.8,,
34.5,2.781818521,NA,NA,Ctrl,No,No,No,,,1,3.2,0.12,5.5,25.7,,
21.75,7.782288499,NA,NA,Ctrl,No,No,No,,,2,6.2,0.16,1.5,37.2,,
7.54,1.644145458,NA,NA,Ctrl,No,No,No,,,2.8,7.9,0.22,6.1,58.5,,
30.13,3.651136809,NA,NA,Ctrl,No,No,No,,,0.5,3.6,0.12,6.8,29,,
16.1,1.852025918,NA,NA,Ctrl,No,No,No,,,2.2,11,0.25,5.6,42,,
113.5,5.7,NA,NA,Ctrl,No,No,No,7.5,,,58.2,,7.2,,18,
44.2,12,NA,NA,Ctrl,No,No,No,5.8,,,78.4,,3.7,,47,
49.3,28.8,NA,NA,Ctrl,No,No,No,6.8,,,66.1,,3.4,,43,
113.4,0.01,NA,NA,Ctrl,No,No,No,7.3,,,40.4,,4.1,,22,
119.6,19.8,NA,NA,Ctrl,No,No,No,,,,18,,21,,1.9,
4.6,1.3,NA,NA,Ctrl,No,No,No,,,,39,,7,,11.7,
111.3,9.3,NA,NA,Ctrl,No,No,No,,,,58,,7,,17.9,
22.7,5.9,NA,NA,Ctrl,No,No,No,,,,219,,4,,112.7,
116.8,17.7,NA,NA,Ctrl,No,No,No,,,,40,,4,,22.8,
68.4,23.4,NA,NA,Ctrl,No,No,No,,,,77,,3,,50.3,
2.4,0.8,NA,NA,Ctrl,No,No,No,,,,40,,5,,15.3,
30.7,9.3,NA,NA,Ctrl,No,No,No,,,,26,,4,,13.4,
38.1,9.3,NA,NA,Ctrl,No,No,No,,,,57,,13,,9.5,
44,8.1,NA,NA,Ctrl,No,No,No,,,,5996,,7,,1950,
31.7,9.3,NA,NA,Ctrl,No,No,No,,,,415,,85,,10.8,
155.6,16.6,NA,NA,Ctrl,No,No,No,,,,,,,,,
72.2,7.5,NA,NA,Ctrl,No,No,No,,,,,,,,,
142.7,15.75,NA,NA,Ctrl,No,No,No,,17,90,,,,14,17,3
26.2,3.8,NA,NA,Ctrl,No,No,No,,,,,,,,,
42.8,37.9,NA,NA,Ctrl,No,No,No,,,,,,,,,
13.4,6.8,NA,NA,Ctrl,No,No,No,,,,,,,,,
23.8,17.6,NA,NA,Ctrl,No,No,No,,,,,,,,,
26.2,3.8,NA,NA,Ctrl,No,No,No,,,,,,,,,
18.7,4.5,NA,NA,Ctrl,No,No,No,,,,,,,,,
9.1,2.5,NA,NA,Ctrl,No,No,No,,,,,,,,,
7,4,NA,NA,Ctrl,No,No,No,,,,,,,,,
1.5,3,NA,NA,Ctrl,No,No,No,,,,,,,,,
1.5,3,NA,NA,Ctrl,No,No,No,,,,,,,,,
18.7,4.5,NA,NA,Ctrl,No,No,No,,,,,,,,,
3.8,3.3,NA,NA,Ctrl,No,No,No,,,,,,,,,
7.8,2.2,NA,NA,Ctrl,No,No,No,7.2,6.052942,18.59256,,,24.53235204,,2.5,
9.9,1.1,NA,NA,Ctrl,No,No,No,23,15.45432,77.469,,,9.506286415,,21.1,
48.7,11.7,NA,NA,Ctrl,No,No,No,13.1,2.833292,262.06656,,,39.86507206,,10.5,
24,3.1,NA,NA,Ctrl,No,No,No,12.4,5.280226,82.78116,,,10.11959522,,15.3,
2.8,0.9,NA,NA,Ctrl,No,No,No,22,4.249938,739.2756,,,43.85157927,,26.4,
126.4,21.35310754,NA,NA,Ctrl,No,No,No,9.3,27.04506,247.89184,,,,,52,
21.1,6.1,NA,NA,Ctrl,No,No,No,19.2,16.7,369.9,390,,12.7,,72.4,
26.4,3.2,NA,NA,Ctrl,No,No,No,18.2,9.6,533.3,547.8,,38,,36,
13.2,4.8,NA,NA,Ctrl,No,No,No,13.5,8.4,228.6,238.8,,22.9,,23.6,
14.5,4.2,NA,NA,Ctrl,No,No,No,12.1,4.1,133.9,140.3,,16.6,,20.8,
4.1,0.9,NA,NA,Ctrl,No,No,No,18.8,9.3,397.6,418.3,,14,,72.7,
18.2,5.2,NA,NA,Ctrl,No,No,No,19.8,20.5,791.3,817,,15.4,,123.9,
7.3,3.3,NA,NA,Ctrl,No,No,No,19.8,20.5,791.3,817,,15.4,,123.9,
4.6,0.4,NA,NA,Ctrl,No,No,No,13.5,8.4,228.6,238.8,,22.9,,23.6,
3.1,0.3,NA,NA,Ctrl,No,No,No,,,,,,,,,
2.85,0.29,NA,NA,Ctrl,No,No,No,2.7,10.6,14.6,,,4.4,,14.7,
3.24,0.35,NA,NA,Ctrl,Yes,No,No,20.2,,,13.9,,3.6,,8.2,
63.8,6,NA,NA,Ctrl,Yes,No,No,29.45,,,,,,,22.64,22.33
31.3,3.8,NA,NA,Ctrl,Yes,No,No,29.13,,,,,,,18.07,0
69.3,4.2,NA,NA,Ctrl,Yes,No,No,28.66,,,,,,,14.56,18.62
0.9,0.2,NA,NA,Ctrl,Yes,No,No,,,,,0.03,,16,,86.3
3.3,0.9,NA,NA,Ctrl,Yes,No,No,,,,,0.17,,14,,68.6
3.5,1.4,NA,NA,Ctrl,Yes,No,No,,,,,,,,,
1.2,0.6,NA,NA,Ctrl,Yes,No,No,,,,,,,,,
17.6,1.6,NA,NA,Ctrl,Yes,No,No,,,,,,,,,
45.3,3.2,NA,NA,Ctrl,Yes,No,No,,,,29.9,0.424,43.2,64.9,14.5,
60.3,3.3,NA,NA,Ctrl,Yes,No,No,,,,599.9,1.278,176.8,247.7,11.4,73.6
50.8,3.6,NA,NA,Ctrl,Yes,No,No,17.5,,250,,,10,,,
17,2.1,NA,NA,Ctrl,Yes,No,No,23,,60,,,,,,
56.9,3.5,NA,NA,Ctrl,Yes,No,No,7.5,1.26,1798,,,28.5,,90.8,
30.8,10,NA,NA,Ctrl,Yes,No,No,8.5,18,3410,,,28.5,,186.6,
230,41.3,NA,NA,Ctrl,Yes,No,No,8.5,54,3658,,,107.3,,54.8,
56.9,3.5,NA,NA,Ctrl,Yes,No,No,7.5,1.26,1798,,,28.5,,90.8,
181.5,4,NA,NA,Ctrl,Yes,No,No,8,18,1178,,,28.5,,62,
0.99,0.04,NA,NA,Ctrl,Yes,No,No,8.8,2.8,12.1,,,1.1,,30,
0.46,0.03,NA,NA,Ctrl,Yes,No,No,2.3,1.5,28.9,,,0.8,,89.6,
4.72,0.46,NA,NA,Ctrl,Yes,No,No,9.8,1.5,10.1,,,2.2,,11.9,
0.73,0.14,NA,NA,Ctrl,Yes,No,No,2.6,1.6,16,,,1.5,,25.8,
1.38,0.04,NA,NA,Ctrl,Yes,No,No,9.2,2.7,25.2,,,1.6,,38.5,
1.49,0.25,NA,NA,Ctrl,Yes,No,No,,,,,,,,,
2.62,0.28,NA,NA,Ctrl,Yes,No,No,8,3.2,10.9,,,2.7,,11.6,
8.6,0.5,NA,NA,Ctrl,Yes,No,No,11.7,5.8,627.9,,,6.6,,,85.3
4.9,1.4,NA,NA,Ctrl,Yes,No,No,6.5,3.8,164.9,,,4.8,,,42
4.8,0.695701085,NA,NA,Ctrl,Yes,No,No,13.72222222,,14.16576,,,0.02,,,
0.2,0.09486833,NA,NA,Ctrl,Yes,No,No,7.222222222,,7.96824,,,0.02,,,
22.4,2.751181564,NA,NA,Ctrl,Yes,No,No,,,9.119208,,,0.03,,,
210.7,29.3,NA,NA,Ctrl,Yes,No,No,25.8,21.6,280.2,308.8,0.58,50.2,107,11.4,25.6
2.68,0.347850543,NA,NA,Ctrl,Yes,No,No,,60,50,,,80,160,,
8.9,1.5,NA,NA,Ctrl,Yes,No,No,,35,43,,,1,11,,0
11.52,0.453557368,NA,NA,Ctrl,Yes,No,No,,,2.2,4.4,0.091,14.8,41,,
1.6,0.01,NA,NA,Ctrl,Yes,No,No,,,,44,,3,,28.8,
3.7,1.25,NA,NA,Ctrl,Yes,No,No,,10,2,,,,14,2,24
5.6,0.8,NA,NA,Ctrl,Yes,No,No,,,,,,,,,
6.3,3.4,NA,NA,Ctrl,,No,No,17,5,43,,,1.5,,36,
205.9,62.4,NA,NA,Ctrl,,No,No,,,,,,,,,
45.7,6.7,NA,NA,Ctrl,,No,No,,,,,,,,,
0.2,0.4,NA,NA,Ctrl,No,Yes,No,,,,,,,,,
0.1,0.4,NA,NA,Ctrl,No,Yes,No,,,,,,,,,
7.17,0.910735966,NA,NA,Ctrl,No,Yes,No,18.5,388.5,27,,,26,,104,
2.68,0.240333102,NA,NA,Ctrl,No,Yes,No,18.2,194,25,,,15,,52,
0.34,0.028460499,NA,NA,Ctrl,No,Yes,No,23.2,148,27,,,9,,428,
64.8,1.9,NA,NA,Ctrl,No,Yes,No,8,18,1178,,,28.5,,62,
56.9,3.5,NA,NA,Ctrl,No,Yes,No,7.5,1.26,1798,,,28.5,,90.8,
1.3,0.379473319,NA,NA,Ctrl,No,Yes,No,9.833333333,,10.314444,,,0.02,,,
25,3,NA,NA,Ctrl,No,Yes,No,9,,167.1,,0.135,,7,18.1,30
45.8,2.719558788,NA,NA,Ctrl,No,Yes,No,,,7370.622,,3.185,580,590,,
0.28,0.11,NA,NA,Ctrl,No,Yes,No,18,,12.2,,,3.6,,,
8.3,0.569209979,NA,NA,Ctrl,No,Yes,No,,49.3,403.1,,,52.3,130.1,,10
6.6,0.474341649,NA,NA,Ctrl,No,Yes,No,,9.5,926.9,,,34.2,71.7,,
13.2,1.8,NA,NA,Ctrl,No,Yes,No,,21,89,,,,24,10,4
2.4,0.6,NA,NA,Ctrl,No,Yes,No,7.2,4.249938,10.18164,,,8.892977614,,4.3,
2.36,0.32,NA,NA,Ctrl,No,Yes,No,0,13.6,16.9,,,5.9,,11.5,
3.07,0.13,NA,NA,Ctrl,No,Yes,No,17.5,6,19.6,,,8,,3.9,
2.1,0.8,NA,NA,Ctrl,Yes,Yes,No,,,,,,,,,
0.3,0.1,NA,NA,Ctrl,Yes,Yes,No,,,,,,,,,
4.3,1.2,NA,NA,Ctrl,Yes,Yes,No,24,,20,,,,,,
10.5,1.2,NA,NA,Ctrl,Yes,Yes,No,15,,20,,,,,,
4.05,0.54,NA,NA,Ctrl,Yes,Yes,No,11.8,0.7,10.4,,,2.7,,9.1,
2.8,0.163299316,NA,NA,Ctrl,Yes,Yes,No,,,,,,,,,
4.4,0.6,NA,NA,Ctrl,Yes,Yes,No,9.5,,,,,,,,
5.6,0.3,NA,NA,Ctrl,No,,No,,41.7312,5311.92,,,2.2,5.8,,0
3.6,0.3,NA,NA,Ctrl,No,,No,,41.7312,5311.92,,,2.2,5.8,,0
0.9,0.01,NA,NA,Ctrl,No,,No,19.2,16.7,369.9,390,,12.7,,72.4,
26.4,3.2,NA,NA,Ctrl,No,,No,18.2,9.6,533.3,547.8,,38,,36,
21.1,6.1,NA,NA,Ctrl,No,,No,19.2,16.7,369.9,390,,12.7,,72.4,
14.5,4.2,NA,NA,Ctrl,No,,No,12.1,4.1,133.9,140.3,,16.6,,20.8,
4.1,0.9,NA,NA,Ctrl,No,,No,18.8,9.3,397.6,418.3,,14,,72.7,
7.3,3.3,NA,NA,Ctrl,No,,No,19.8,20.5,791.3,817,,15.4,,123.9,
13.2,4.8,NA,NA,Ctrl,No,,No,13.5,8.4,228.6,238.8,,22.9,,23.6,
4.6,0.4,NA,NA,Ctrl,No,,No,13.5,8.4,228.6,238.8,,22.9,,23.6,
18.2,5.2,NA,NA,Ctrl,No,,No,19.8,20.5,791.3,817,,15.4,,123.9,
1.744,0.141,NA,NA,Ctrl,,,No,,0.361,14.99,,,12.82,,,28
0.24,0.02815,NA,NA,Ctrl,,,No,,4.68,1.63,,,1.26,,,91
0.015,0.005,NA,NA,Ctrl,,,No,,0.66,1.62,,,0.09,,,9
3.79,2.0505,NA,NA,Ctrl,,,No,,9.03,6.42,,,3.23,,,63
0.24,0.02815,NA,NA,Ctrl,,,No,,4.68,1.63,,,1.26,,,91
0.24,0.02815,NA,NA,Ctrl,,,No,,4.68,1.63,,,1.26,,,91
0.015,0.005,NA,NA,Ctrl,,,No,,0.66,1.62,,,0.09,,,9
0.265,0.065,NA,NA,Ctrl,,,No,,5.57,1.77,,,1.5,,,51
0.265,0.065,NA,NA,Ctrl,,,No,,5.57,1.77,,,1.5,,,51
0.24,0.02815,NA,NA,Ctrl,,,No,,4.68,1.63,,,1.26,,,91
0.265,0.065,NA,NA,Ctrl,,,No,,5.57,1.77,,,1.5,,,51
0.015,0.005,NA,NA,Ctrl,,,No,,0.66,1.62,,,0.09,,,9
0.165,0.071,NA,NA,Ctrl,,,No,,19.21,4.12,,,5.04,,,0
0.165,0.071,NA,NA,Ctrl,,,No,,19.21,4.12,,,5.04,,,0
0.165,0.071,NA,NA,Ctrl,,,No,,19.21,4.12,,,5.04,,,0
0.354,0.2125,NA,NA,Ctrl,,,No,,0.299,1.04,,,0.248,,,63
1.744,0.141,NA,NA,Ctrl,,,No,,0.361,14.99,,,12.82,,,28
0.165,0.071,NA,NA,Ctrl,,,No,,19.21,4.12,,,5.04,,,0
3.79,2.0505,NA,NA,Ctrl,,,No,,9.03,6.42,,,3.23,,,63
3.79,2.0505,NA,NA,Ctrl,,,No,,9.03,6.42,,,3.23,,,63
0.354,0.2125,NA,NA,Ctrl,,,No,,0.299,1.04,,,0.248,,,63
3.79,2.0505,NA,NA,Ctrl,,,No,,9.03,6.42,,,3.23,,,63
0.354,0.2125,NA,NA,Ctrl,,,No,,0.299,1.04,,,0.248,,,63
2.1,0.285773803,NA,NA,Ctrl,,,No,,,1114,,1.8,21,39,49,
3.5,0.571547607,NA,NA,Ctrl,,,No,,,1470,,2.1,19,34,88,
1.9,0.244948974,NA,NA,Ctrl,,,No,,,507,,1.4,16,32,35,
1,0.204124145,NA,NA,Ctrl,,,No,,,304,,1.4,28,50,14,
22.5,3.622430124,NA,NA,Ctrl,,,No,,,1147,,1.9,31,47,37,
6.91,1.05,NA,NA,Ctrl,,,No,10.2,1.8,2.3,,,0.05,,,
7.8,1.05,NA,NA,Ctrl,,,No,10.2,1.8,2.3,,,0.05,,,
10.2,0.01,NA,NA,Ctrl,,,No,10.2,0.93,1.4,,,0.85,,,
22.365,20.005,NA,NA,Ctrl,,,No,,,,,,,,,83
22.365,20.005,NA,NA,Ctrl,,,No,,,,,,,,,83
0.85,0.33,NA,NA,Ctrl,,,No,,,,,,,,,0
0.85,0.33,NA,NA,Ctrl,,,No,,,,,,,,,0
0.85,0.33,NA,NA,Ctrl,,,No,,,,,,,,,0
22.365,20.005,NA,NA,Ctrl,,,No,,,,,,,,,83
1.7215,1.1085,NA,NA,Ctrl,,,No,,,,,,,,,3
22.365,20.005,NA,NA,Ctrl,,,No,,,,,,,,,83
143.2,8.4,NA,NA,Ctrl,,,No,,32.1,160.4,,,12.8,,,
20.2,4.2,NA,NA,Ctrl,,,No,,250.3,632.1,,,19.3,,,
141.6,10.5,NA,NA,Ctrl,,,No,,19.3,179.7,,,9.6,,,
15.1,9.3,NA,NA,Ctrl,,,No,9,,,,,,,,
4.4,0.4,NA,NA,Ctrl,,,No,10,,,,,,,,
6.7,1.4,NA,NA,Ctrl,,,No,8,,,,,,,,
5.8,0.5,NA,NA,Ctrl,,,No,5,,,,,,,,
5,2.1,NA,NA,Ctrl,,,No,9,,,,,,,,
1.6,0.5,NA,NA,Ctrl,,,No,5,,,,,,,,
19.5,1.2,NA,NA,Ctrl,,,No,15,,9295.86,,,34,,,
5.5,0.8,NA,NA,Ctrl,,,No,11,,442.66,,,3.1,,,
7.1,1.2,NA,NA,Ctrl,,,No,15,,1770.64,,,3.1,,,
1.3,0.8,NA,NA,Ctrl,,,No,9.5,,885.32,,,3.1,,,
64,3.1,NA,NA,Ctrl,No,No,Yes,30.39,,,,,,,16.19,38.36
83.2,5,NA,NA,Ctrl,No,No,Yes,28.41,,,,,,,21.73,21.29
26.5,4.2,NA,NA,Ctrl,No,No,Yes,30.74,,,,,,,21.62,1.03
88,4.8,NA,NA,Ctrl,No,No,Yes,29.43,,,,,,,17.11,52.18
3.2,0.6,NA,NA,Ctrl,No,No,Yes,,,,,0.05,,14,,63.7
2,0.5,NA,NA,Ctrl,No,No,Yes,,,,,0.02,,14,,55.9
2.4,0.7,NA,NA,Ctrl,No,No,Yes,,,,,,,,,
19.7,6.2,NA,NA,Ctrl,No,No,Yes,,,,,,,,,
15.3,7.9,NA,NA,Ctrl,No,No,Yes,,,,,,,,,
46.3,6.1,NA,NA,Ctrl,No,No,Yes,17.5,,250,,,10,,,
39.8,7.4,NA,NA,Ctrl,No,No,Yes,17.5,,250,,,10,,,
181.5,4,NA,NA,Ctrl,No,No,Yes,8,18,1178,,,28.5,,62,
6.09,0.33,NA,NA,Ctrl,No,No,Yes,9,1.1,23.9,,,3.7,,42.1,
1.5,0.07,NA,NA,Ctrl,No,No,Yes,9.6,2.5,4.1,,,3.1,,4.7,
1.82,0.26,NA,NA,Ctrl,No,No,Yes,4.4,11.1,188.3,,,1.1,,420.3,
0.94,0.09,NA,NA,Ctrl,No,No,Yes,2.9,2.3,10.9,,,1.1,,27.6,
8.64,2.15,NA,NA,Ctrl,No,No,Yes,17.1,6.4,212.1,,,1.9,,261.5,
1.3,0.4,NA,NA,Ctrl,No,No,Yes,,,,6.9,0.09,2.5,6.25,25,
1.1,0.4,NA,NA,Ctrl,No,No,Yes,11.7,5.8,627.9,,,6.6,,,85.3
1.3,0.6,NA,NA,Ctrl,No,No,Yes,17.8,,486.926,,,10,,25,
3.4,0.790569415,NA,NA,Ctrl,No,No,Yes,23.05555556,,2.965956,,,0.02,,,
21.7,2.6,NA,NA,Ctrl,No,No,Yes,21.1,7,0,13,0.07,4.9,4.4,20.3,86.5
57.6,5.3,NA,NA,Ctrl,No,No,Yes,24.5,20.9,117.2,149.4,0.86,5.7,30.7,57.1,16.9
133.6,23.9,NA,NA,Ctrl,No,No,Yes,20.2,16.8,370.5,405.7,0.47,6.9,7.5,115,27
33,6,NA,NA,Ctrl,No,No,Yes,17.3,,1.5,,0.109,,12,9.5,5
10,3,NA,NA,Ctrl,No,No,Yes,10,,12.8,,0.04,,6,6.4,70
39,6,NA,NA,Ctrl,No,No,Yes,14.8,,4.9,,0.097,,12,8.3,3
14,2,NA,NA,Ctrl,No,No,Yes,12.3,,52.8,,0.068,,9,8,0
13,5,NA,NA,Ctrl,No,No,Yes,17.1,,67.8,,0.073,,6,12.1,28
10,3,NA,NA,Ctrl,No,No,Yes,12.6,,60.5,,0.082,,6,14.9,24
41.3,3.2,NA,NA,Ctrl,No,No,Yes,12.2,,100,,,100,,,
19,1,NA,NA,Ctrl,No,No,Yes,,10.5,9.3,,,4.5,,,
19.3,1.264911064,NA,NA,Ctrl,No,No,Yes,,,,,,,,,
38,9.675890509,NA,NA,Ctrl,No,No,Yes,,,0.9,12.7,0.17,6.8,26.6,,
19.72,0.76726788,NA,NA,Ctrl,No,No,Yes,,,19.2,25.2,0.17,1.8,47.6,,
27.74,2.872529995,NA,NA,Ctrl,No,No,Yes,,,1.1,6.6,0.21,7.6,50.6,,
9.68,1.080978393,NA,NA,Ctrl,No,No,Yes,,,1.3,5,0.096,1.3,22.3,,
8.05,0.956250117,NA,NA,Ctrl,No,No,Yes,,,0.1,1.2,0.062,1.1,18.6,,
3.52,1.088537682,NA,NA,Ctrl,No,No,Yes,,,1.5,5.5,0.16,1.3,24.1,,
19.76,1.867144497,NA,NA,Ctrl,No,No,Yes,,,7.7,11.9,0.11,2,22.1,,
18.63,0.956250117,NA,NA,Ctrl,No,No,Yes,,,5.2,8.3,0.079,1.7,19.8,,
18,3.9,NA,NA,Ctrl,No,No,Yes,,9,110,,,,9,29,3
13.5,2.75,NA,NA,Ctrl,No,No,Yes,,40,110,,,,13,26,12
107.9,0.01,NA,NA,Ctrl,No,No,Yes,,20,1360,,,,62,49,7
20.1,2.35,NA,NA,Ctrl,No,No,Yes,,12,18,,,,12,6,6
13.4,6.8,NA,NA,Ctrl,No,No,Yes,,,,,,,,,
23.8,17.6,NA,NA,Ctrl,No,No,Yes,,,,,,,,,
42.8,37.9,NA,NA,Ctrl,No,No,Yes,,,,,,,,,
4.8,1.1,NA,NA,Ctrl,No,No,Yes,9.8,3.606008,60.20448,,,5.519779209,,20.2,
30.8,2.4,NA,NA,Ctrl,No,No,Yes,,,,,,,,,
11.9,0.9,NA,NA,Ctrl,No,No,Yes,,,,,,,,,
4.2,0.4,NA,NA,Ctrl,No,No,Yes,,,,,,,,,
1.91,0.11,NA,NA,Ctrl,No,No,Yes,13,12.4,8.8,,,2.1,,10,
2.61,0.12,NA,NA,Ctrl,No,No,Yes,13.9,11.5,12.6,,,3.8,,13.4,
2.58,0.2,NA,NA,Ctrl,No,No,Yes,11.1,11.1,5.1,,,3.5,,10.1,
2.99,0.21,NA,NA,Ctrl,No,No,Yes,17,12.3,10,,,8.7,,4.8,
2.8,0.11,NA,NA,Ctrl,No,No,Yes,16.2,5.1,15.1,,,10.1,,6.9,
3.14,0.16,NA,NA,Ctrl,No,No,Yes,17,9.3,15.3,,,8.4,,8,
2.72,0.19,NA,NA,Ctrl,No,No,Yes,0,14.4,11,,,5.3,,10.3,
2.94,0.29,NA,NA,Ctrl,No,No,Yes,10.5,2.8,7.2,,,6.1,,3.7,
3.25,0.14,NA,NA,Ctrl,No,No,Yes,16,6.1,11.5,,,7.7,,7.2,
2.4,0.21,NA,NA,Ctrl,No,No,Yes,4,13.1,8.5,,,4.5,,8.9,
6.45,1.7,NA,NA,Ctrl,Yes,No,Yes,18.6,,,100.4,,7.4,,29.6,
4.5,0.1,NA,NA,Ctrl,Yes,No,Yes,12.5,,,,0.2,,9.5,,
57.6,2.6,NA,NA,Ctrl,Yes,No,Yes,30.73,,,,,,,22.5,3.76
66.9,5,NA,NA,Ctrl,Yes,No,Yes,31.52,,,,,,,18.44,2.72
79.4,3.5,NA,NA,Ctrl,Yes,No,Yes,28.55,,,,,,,17.75,41.49
64.8,3.7,NA,NA,Ctrl,Yes,No,Yes,27.13,,,,,,,19.34,38.04
43.6,1.8,NA,NA,Ctrl,Yes,No,Yes,28.93,,,,,,,19.27,8.85
2.8,0.4,NA,NA,Ctrl,Yes,No,Yes,,,,,,,,,
4.9,2.6,NA,NA,Ctrl,Yes,No,Yes,,,,,,,,,
4.1,0.9,NA,NA,Ctrl,Yes,No,Yes,,,,,,,,,
13.8,1.7,NA,NA,Ctrl,Yes,No,Yes,,,,,,,,,
43,4.1,NA,NA,Ctrl,Yes,No,Yes,17.5,,250,,,10,,,
6.01,0.468017094,NA,NA,Ctrl,Yes,No,Yes,21.5,161,25,,,34,,28,
1.38,0.098030607,NA,NA,Ctrl,Yes,No,Yes,21.5,161,25,,,34,,28,
2.22,0.186574382,NA,NA,Ctrl,Yes,No,Yes,20.2,798.5,30,,,22,,55,
2.16,0.27,NA,NA,Ctrl,Yes,No,Yes,8.5,2.6,13.8,,,1.3,,27.8,
10.71,0.3,NA,NA,Ctrl,Yes,No,Yes,21,3.6,249.2,,,1.4,,399.8,
12.94,0.91,NA,NA,Ctrl,Yes,No,Yes,,,,,,,,,
1.43,0.05,NA,NA,Ctrl,Yes,No,Yes,,,,,,,,,
0.56,0.08,NA,NA,Ctrl,Yes,No,Yes,9.9,4.1,13,,,2.1,,18.4,
1.76,0.3,NA,NA,Ctrl,Yes,No,Yes,16.9,1.4,2.2,,,1.7,,4.6,
1.54,0.28,NA,NA,Ctrl,Yes,No,Yes,,,,,,,,,
4.4,0.3,NA,NA,Ctrl,Yes,No,Yes,,,,,,,,,
1.2,0.2,NA,NA,Ctrl,Yes,No,Yes,6.9,6.2,79.2,,,6.4,,,46.6
83.7,11,NA,NA,Ctrl,Yes,No,Yes,22.9,22.1,50.2,84.7,0.16,5.1,7.1,43.8,29
104.4,5.3,NA,NA,Ctrl,Yes,No,Yes,21.7,12.6,19.3,41,0.25,14.7,58,9.1,37.8
73.3,5.4,NA,NA,Ctrl,Yes,No,Yes,23.2,16.5,15.5,48.9,0.05,9.1,63.4,14.3,50.3
21.9,3.8,NA,NA,Ctrl,Yes,No,Yes,16.1,,299.5,,0.72,2.2,40.1,,
3.5,1.2,NA,NA,Ctrl,Yes,No,Yes,16.5,,5.7,,0.28,0.5,13.7,,
5.74,0.379473319,NA,NA,Ctrl,Yes,No,Yes,,40,40,,,70,150,,
4.06,0.284604989,NA,NA,Ctrl,Yes,No,Yes,,40,20,,,60,160,,
3.44,0.474341649,NA,NA,Ctrl,Yes,No,Yes,,40,90,,,90,180,,
22,6,NA,NA,Ctrl,Yes,No,Yes,6.4,,6.3,,0.04,,11,3.5,67
11,2,NA,NA,Ctrl,Yes,No,Yes,7.1,,12.7,,0.03,,10,3.4,5
8.6,0.7,NA,NA,Ctrl,Yes,No,Yes,,35,43,,,1,11,,50
16.8,3.174901573,NA,NA,Ctrl,Yes,No,Yes,,,0,0.7,0.071,5.1,28.8,,
17.28,2.539921259,NA,NA,Ctrl,Yes,No,Yes,,,1.1,6.6,0.19,7.1,45.2,,
41.41,3.254274113,NA,NA,Ctrl,Yes,No,Yes,,,0.6,5.7,0.23,2.6,32.4,,
3,0.188982237,NA,NA,Ctrl,Yes,No,Yes,,,0.7,6,0.19,7.9,78.6,,
15.93,2.143058562,NA,NA,Ctrl,Yes,No,Yes,,,0.1,2.6,0.12,5.3,27.3,,
30.34,2.324481509,NA,NA,Ctrl,Yes,No,Yes,,,1.2,6.1,0.1,4.9,25.5,,
19.74,1.508078247,NA,NA,Ctrl,Yes,No,Yes,,,0.4,2.9,0.11,4,25.3,,
12.09,0.820182906,NA,NA,Ctrl,Yes,No,Yes,,,0.2,3.5,0.14,7.2,29.9,,
35.64,2.66086989,NA,NA,Ctrl,Yes,No,Yes,,,2.3,12.3,0.19,5.5,37.2,,
9,0.680336051,NA,NA,Ctrl,Yes,No,Yes,,,1.2,4.1,0.079,1.7,21.9,,
18.81,1.621467589,NA,NA,Ctrl,Yes,No,Yes,,,1.5,5.4,0.2,3.1,31.3,,
7.54,0.438438789,NA,NA,Ctrl,Yes,No,Yes,,,1.1,5,0.17,1.9,41.8,,
11.52,0.604743157,NA,NA,Ctrl,Yes,No,Yes,,,15,22.4,0.21,1.5,32.4,,
17.36,0.952470472,NA,NA,Ctrl,Yes,No,Yes,,,0.1,1.2,0.077,1.3,20,,
32.48,2.630632732,NA,NA,Ctrl,Yes,No,Yes,,,3.3,5.9,0.16,16.4,41.8,,
4,0.377964473,NA,NA,Ctrl,Yes,No,Yes,,,0.7,6.1,0.19,17.5,89.9,,
7.54,0.657658183,NA,NA,Ctrl,Yes,No,Yes,,,0,2.5,0.087,6.2,30.3,,
34,8.164032617,NA,NA,Ctrl,Yes,No,Yes,,,0.2,8.6,0.12,3.2,51,,
6.67,0.438438789,NA,NA,Ctrl,Yes,No,Yes,,,0.9,6,0.25,7.4,63.1,,
0.01,0.01,NA,NA,Ctrl,Yes,No,Yes,,,,11,,5,,4.8,
12.2,0.01,NA,NA,Ctrl,Yes,No,Yes,,,,76,,10,,17.3,
0.7,0.1,NA,NA,Ctrl,Yes,No,Yes,,,,37,,2,,33.9,
1.3,0.01,NA,NA,Ctrl,Yes,No,Yes,,,,22,,4,,12.7,
33.3,6.7,NA,NA,Ctrl,Yes,No,Yes,,,,56,,5,,27.5,
3,0.01,NA,NA,Ctrl,Yes,No,Yes,,,,21,,4,,11.7,
1.1,0.2,NA,NA,Ctrl,Yes,No,Yes,,,,40,,3,,26.3,
9,2.4,NA,NA,Ctrl,Yes,No,Yes,,,,25,,9,,5.8,
13.9,2.9,NA,NA,Ctrl,Yes,No,Yes,,,,,,,,,
15.1,2.7,NA,NA,Ctrl,Yes,No,Yes,,,,,,,,,
27.4,8.2,NA,NA,Ctrl,Yes,No,Yes,,,,,,,,,
2.2,0.35,NA,NA,Ctrl,Yes,No,Yes,,10,2,,,,9,3,6
7,1.7,NA,NA,Ctrl,Yes,No,Yes,,20,3,,,,28,2,13
7.3,0.75,NA,NA,Ctrl,Yes,No,Yes,,6,3,,,,16,1,13
11.6,0.9,NA,NA,Ctrl,Yes,No,Yes,15.5,3.86358,10.18164,,,10.11959522,,3.6,
20.7,5.3,NA,NA,Ctrl,Yes,No,Yes,23,7.72716,39.8412,,,42.93161607,,2.4,
9.4,1.6,NA,NA,Ctrl,Yes,No,Yes,14.3,5.537798,240.81792,,,11.03955842,,36.1,
1.2,0.2,NA,NA,Ctrl,Yes,No,Yes,9.5,,,,,,,,
3.88,0.06,NA,NA,Ctrl,Yes,No,Yes,16.9,8.6,14.7,,,6.6,,7.3,
3.39,0.04,NA,NA,Ctrl,Yes,No,Yes,19,16.4,16.4,,,11.7,,5.7,
2.76,0.18,NA,NA,Ctrl,Yes,No,Yes,10.1,10.6,7.7,,,1.8,,13.9,
1.2,0.4,NA,NA,Ctrl,,No,Yes,,,,,,,,,
1.5,0.5,NA,NA,Ctrl,,No,Yes,,,,,,,,,
9.8,3,NA,NA,Ctrl,,No,Yes,,,,,,,,,
0.8,0.1,NA,NA,Ctrl,,No,Yes,,,,,,,,,
6.7,0.52,NA,NA,Ctrl,No,Yes,Yes,9.3,,,25.1,,5.3,,24.5,
48.4,4.9,NA,NA,Ctrl,No,Yes,Yes,,,,,,,,,10
0.5,0.1,NA,NA,Ctrl,No,Yes,Yes,17.3,9,29,,,6,,9,
1.4,0.9,NA,NA,Ctrl,No,Yes,Yes,,,,,,,,,
2.1,0.9,NA,NA,Ctrl,No,Yes,Yes,,,,,,,,,
2.18,0.110679718,NA,NA,Ctrl,No,Yes,Yes,16.6,67,17,,,13,,13,
18.49,1.467296834,NA,NA,Ctrl,No,Yes,Yes,18.2,194,25,,,15,,52,
5.53,0.502802148,NA,NA,Ctrl,No,Yes,Yes,22.35,371,167,,,27,,131,
11.1,1.58113883,NA,NA,Ctrl,No,Yes,Yes,23.2,148,27,,,9,,428,
0.7,0.05,NA,NA,Ctrl,No,Yes,Yes,,14.69,,,,0.48,,,
2.6,0.6,NA,NA,Ctrl,No,Yes,Yes,,,,,,,,,6.5
23.2,2.3,NA,NA,Ctrl,No,Yes,Yes,14,,40,,,,,,
43.2,3.55,NA,NA,Ctrl,No,Yes,Yes,17.8,,,,1.77,,21,,54
17.44,1.02,NA,NA,Ctrl,No,Yes,Yes,13.4,1.8,9.9,,,0.8,,32.2,
8.23,0.45,NA,NA,Ctrl,No,Yes,Yes,7.5,3,22.6,,,1.1,,51.4,
1.76,0.15,NA,NA,Ctrl,No,Yes,Yes,11.7,0.2,10.9,,,1,,25.8,
41.63,1.23,NA,NA,Ctrl,No,Yes,Yes,13.3,9.7,367.5,,,3.8,,222.7,
6.1,0.2,NA,NA,Ctrl,No,Yes,Yes,,41.7312,5311.92,,,2.2,5.8,,0
5.3,0.6,NA,NA,Ctrl,No,Yes,Yes,,41.7312,5311.92,,,2.2,5.8,,0
3.6,0.3,NA,NA,Ctrl,No,Yes,Yes,,41.7312,5311.92,,,2.2,5.8,,0
5.6,0.3,NA,NA,Ctrl,No,Yes,Yes,,41.7312,5311.92,,,2.2,5.8,,0
0.1,0.03,NA,NA,Ctrl,No,Yes,Yes,,20,200,,,1,2,,13
12.1,0.285773803,NA,NA,Ctrl,No,Yes,Yes,19.2,,,,,,,161,
24.8,0.898146239,NA,NA,Ctrl,No,Yes,Yes,19.2,,,,,,,161,
0.7,0.1,NA,NA,Ctrl,No,Yes,Yes,1,14.6,239.4,,,6.2,,,60.3
16.5,1.58113883,NA,NA,Ctrl,No,Yes,Yes,21.66666667,,11.598216,,,0.04,,,
18.2,1.77087549,NA,NA,Ctrl,No,Yes,Yes,25.55555556,,12.217968,,,0.06,,,
28.7,1.423024947,NA,NA,Ctrl,No,Yes,Yes,25.55555556,,9.030672,,,0.04,,,
14,2,NA,NA,Ctrl,No,Yes,Yes,10.3,,27.6,,0.048,,7,6.9,70
10,1,NA,NA,Ctrl,No,Yes,Yes,17,,38.3,,0.072,,9,8.4,47
17,3,NA,NA,Ctrl,No,Yes,Yes,14.8,,6.3,,0.078,,12,6.8,9
13,2,NA,NA,Ctrl,No,Yes,Yes,14.9,,34.9,,0.073,,10,7.7,46
19,3,NA,NA,Ctrl,No,Yes,Yes,17.3,,2.8,,0.154,,11,14.3,42
13,3,NA,NA,Ctrl,No,Yes,Yes,14.7,,9.6,,0.096,,11,9.2,9
4.7,0.632455532,NA,NA,Ctrl,No,Yes,Yes,,,1505.112,,0.64,15,60,,
4.8,0.442718872,NA,NA,Ctrl,No,Yes,Yes,,,1682.184,,0.605,20,40,,
17.3,1.39846855,NA,NA,Ctrl,No,Yes,Yes,,,177.072,,1.09,25,160,,
0.29,0.04512,NA,NA,Ctrl,No,Yes,Yes,,,,,,,,,
14.7,3.2,NA,NA,Ctrl,No,Yes,Yes,6,,,86.5,,,,,
5.4,0.9,NA,NA,Ctrl,No,Yes,Yes,7.3,,,56.7,,2.2,,58,
1,0.2,NA,NA,Ctrl,No,Yes,Yes,6.8,,,85.7,,1.7,,122,
12.9,2.2,NA,NA,Ctrl,No,Yes,Yes,,,,87,,9,,22,
3.5,2.1,NA,NA,Ctrl,No,Yes,Yes,,,,57,,2,,57,
0.4,0.01,NA,NA,Ctrl,No,Yes,Yes,,,,17,,5,,7.3,
1.3,0.5,NA,NA,Ctrl,No,Yes,Yes,,,,44,,10,,9.5,
0.8,0.1,NA,NA,Ctrl,No,Yes,Yes,,,,86,,2,,111.5,
1,0.1,NA,NA,Ctrl,No,Yes,Yes,,,,16,,5,,6.9,
3.8,3.3,NA,NA,Ctrl,No,Yes,Yes,,,,,,,,,
7,4,NA,NA,Ctrl,No,Yes,Yes,,,,,,,,,
9.1,2.5,NA,NA,Ctrl,No,Yes,Yes,,,,,,,,,
0.9,0.01,NA,NA,Ctrl,No,Yes,Yes,19.2,16.7,369.9,390,,12.7,,72.4,
3.19,0.06,NA,NA,Ctrl,No,Yes,Yes,13.7,8,9.5,,,5.9,,10.2,
2.84,0.08,NA,NA,Ctrl,No,Yes,Yes,17.4,2.2,23.9,,,10.4,,22.3,
3.11,0.11,NA,NA,Ctrl,No,Yes,Yes,18.2,2.6,9.8,,,7.4,,4,
1.89,0.21,NA,NA,Ctrl,No,Yes,Yes,9.8,17.1,9,,,5.1,,11.1,
3.39,0.12,NA,NA,Ctrl,No,Yes,Yes,17.9,8,2.9,,,3.1,,4,
3.58,0.08,NA,NA,Ctrl,No,Yes,Yes,18.7,15.4,13.6,,,6.9,,8.7,
2.59,0.13,NA,NA,Ctrl,No,Yes,Yes,10.3,9,10,,,3,,8.1,
3.29,0.22,NA,NA,Ctrl,No,Yes,Yes,16.1,2.1,7.8,,,2.1,,3.2,
2.2,0.07,NA,NA,Ctrl,No,Yes,Yes,5,8.4,8.4,,,3.5,,8.9,
0.01,0.01,NA,NA,Ctrl,Yes,Yes,Yes,12,,,,0.22,,13.4,,
1.47,0.142302495,NA,NA,Ctrl,Yes,Yes,Yes,16.6,67,17,,,13,,13,
18.69,0.996117463,NA,NA,Ctrl,Yes,Yes,Yes,20.2,798.5,30,,,22,,55,
141.9,14,NA,NA,Ctrl,Yes,Yes,Yes,7.5,1.26,1798,,,28.5,,90.8,
181.5,4,NA,NA,Ctrl,Yes,Yes,Yes,8,18,1178,,,28.5,,62,
141.9,14,NA,NA,Ctrl,Yes,Yes,Yes,7.5,1.26,1798,,,28.5,,90.8,
141.9,14,NA,NA,Ctrl,Yes,Yes,Yes,7.5,1.26,1798,,,28.5,,90.8,
64.8,1.9,NA,NA,Ctrl,Yes,Yes,Yes,8,18,1178,,,28.5,,62,
64.8,1.9,NA,NA,Ctrl,Yes,Yes,Yes,8,18,1178,,,28.5,,62,
2.4,0.2,NA,NA,Ctrl,Yes,Yes,Yes,6.8,2.3,4.7,,,1.3,,11.8,
13.95,0.34,NA,NA,Ctrl,Yes,Yes,Yes,8.1,1.7,12.2,,,1.5,,21.2,
4.97,0.27,NA,NA,Ctrl,Yes,Yes,Yes,10.6,1.1,3.2,,,1.4,,6.7,
3.62,0.09,NA,NA,Ctrl,Yes,Yes,Yes,1.1,2.7,6.7,,,3,,7,
2.82,0.38,NA,NA,Ctrl,Yes,Yes,Yes,18.9,2.9,10.7,,,0.9,,35.4,
4.86,0.89,NA,NA,Ctrl,Yes,Yes,Yes,9.2,0.9,10.8,,,1.8,,34,
4.54,0.41,NA,NA,Ctrl,Yes,Yes,Yes,12.1,2.5,2.7,,,1.6,,7.1,
10.64,1.36,NA,NA,Ctrl,Yes,Yes,Yes,12,2.2,13.4,,,2.7,,13,
3.75,0.38,NA,NA,Ctrl,Yes,Yes,Yes,,,,,,,,,
65.3,0.6,NA,NA,Ctrl,Yes,Yes,Yes,18,,5311.92,,,250,,11,
44.4,2.972541001,NA,NA,Ctrl,Yes,Yes,Yes,21.77777778,,10.580052,,,0.03,,,
37.9,2.7,NA,NA,Ctrl,Yes,Yes,Yes,25.2,23.1,0,27.9,0.05,4.3,7.3,8.7,28.7
33.7,2.6,NA,NA,Ctrl,Yes,Yes,Yes,24.5,13.7,0,21.1,0.11,4.4,6.1,25.5,48.3
26.1,5.2,NA,NA,Ctrl,Yes,Yes,Yes,22.8,13.4,424.7,450.7,0.54,5.5,11.7,90.6,38.8
8.3,0.6,NA,NA,Ctrl,Yes,Yes,Yes,17.5,,5.1,,0.37,0.5,24.2,,
3.87,0.466666667,NA,NA,Ctrl,Yes,Yes,Yes,,40,20,,,20,70,,
9.34,0.831521841,NA,NA,Ctrl,Yes,Yes,Yes,,40,160,,,130,320,,
5,0.01,NA,NA,Ctrl,Yes,Yes,Yes,11.2,,72.5,,0.082,,7,11.6,9
4,1,NA,NA,Ctrl,Yes,Yes,Yes,18.6,,13.4,,0.064,,7,9.6,70
5.1,0.938971068,NA,NA,Ctrl,Yes,Yes,Yes,,,,,,,,,
5.5,0.775671752,NA,NA,Ctrl,Yes,Yes,Yes,,,,,,,,,
26.6,7.090613514,NA,NA,Ctrl,Yes,Yes,Yes,,,0.6,2.4,0.17,5.7,27.9,,
16.83,1.995652417,NA,NA,Ctrl,Yes,Yes,Yes,,,0.9,5.1,0.15,16.5,62.5,,
1.3,0.01,NA,NA,Ctrl,Yes,Yes,Yes,,,,32,,2,,35.8,
3.1,0.01,NA,NA,Ctrl,Yes,Yes,Yes,,,,28,,3,,21.7,
9.6,2.2,NA,NA,Ctrl,Yes,Yes,Yes,,,,13,,4,,6.7,
0.4,0.01,NA,NA,Ctrl,Yes,Yes,Yes,,,,48,,7,,14.7,
43.7,4,NA,NA,Ctrl,Yes,Yes,Yes,,,,8695,,40,,480.7,
23.5,9.8,NA,NA,Ctrl,Yes,Yes,Yes,,,,78,,4,,46.9,
38.2,6,NA,NA,Ctrl,Yes,Yes,Yes,,,,,,,,,
16.9,2.8,NA,NA,Ctrl,Yes,Yes,Yes,,,,,,,,,
12.4,0.55,NA,NA,Ctrl,Yes,Yes,Yes,,5,120,,,,7,39,6
3.7,0.07,NA,NA,Ctrl,Yes,Yes,Yes,17.5,8.3,15.5,,,8.3,,7.1,
3.44,0.11,NA,NA,Ctrl,Yes,Yes,Yes,18.2,1.9,8.6,,,5.3,,5.3,
3.58,0.17,NA,NA,Ctrl,Yes,Yes,Yes,18.6,15.3,17.3,,,8.3,,8.7,
2.37,0.14,NA,NA,Ctrl,Yes,Yes,Yes,4.2,15.4,,,,5.1,,12.8,
2.28,0.32,NA,NA,Ctrl,Yes,Yes,Yes,16.1,5.1,12,,,5.1,,7.7,
127.5,44.7,NA,NA,Ctrl,,Yes,Yes,,,,,,,,,
93.2,33.9,NA,NA,Ctrl,,Yes,Yes,,,,,,,,,
13.2,1.8,NA,NA,Ctrl,,Yes,Yes,,,,,,,,,
1.2,0.8,NA,NA,Ctrl,,Yes,Yes,,,,,,,,,
6.1,0.2,NA,NA,Ctrl,No,,Yes,,41.7312,5311.92,,,2.2,5.8,,0
5.3,0.6,NA,NA,Ctrl,No,,Yes,,41.7312,5311.92,,,2.2,5.8,,0
10.5,1.224744871,NA,NA,Ctrl,No,,Yes,,,,,,,,,
0.265,0.065,NA,NA,Ctrl,,,Yes,,5.57,1.77,,,1.5,,,51
0.015,0.005,NA,NA,Ctrl,,,Yes,,0.66,1.62,,,0.09,,,9
7,1.05,NA,NA,Ctrl,,,Yes,10.2,1.8,2.3,,,0.05,,,
4.9,1,NA,NA,Ctrl,,,Yes,10.2,0.93,1.4,,,0.85,,,
11.6,2,NA,NA,Ctrl,,,Yes,10.2,0.93,1.4,,,0.85,,,
10.1,0.01,NA,NA,Ctrl,,,Yes,10.1,73.98,182.9,,,7.6,8.05,36.88,
31.8,12.6,NA,NA,Ctrl,,,Yes,11.5,83.16,226.3,,,7.6,12.08,45.62,
81.7,6.3,NA,NA,Ctrl,,,Yes,,70.6,301.6,,,9.6,,,
6.2,1.7,NA,NA,Ctrl,,,Yes,9.5,,,,,,,,
12.3,2.8,NA,NA,Ctrl,,,Yes,9,,,,,,,,
4.3,1.6,NA,NA,Ctrl,,,Yes,9,,,,,,,,
21,6.8,NA,NA,Ctrl,,,Yes,9.5,,,,,,,,
13.9,2.5,NA,NA,Ctrl,,,Yes,5,,,,,,,,
5,0.5,NA,NA,Ctrl,,,Yes,8.5,,,,,,,,
7.5,2.5,NA,NA,Ctrl,,,Yes,11,,,,,,,,
13,1.5,NA,NA,Ctrl,,,Yes,5,,,,,,,,
4.5,0.5,NA,NA,Ctrl,,,Yes,13,,,,,,,,
3.2,0.5,NA,NA,Ctrl,,,Yes,8.5,,,,,,,,
3.7,0.5,NA,NA,Ctrl,,,Yes,9.5,,,,,,,,
4.1,2.9,NA,NA,Ctrl,,,Yes,8,,,,,,,,
3.3,0.5,NA,NA,Ctrl,,,Yes,9.5,,,,,,,,
4,1,NA,NA,Ctrl,,,Yes,8.5,,,,,,,,
1.9,1.3,NA,NA,Ctrl,,,Yes,9,,,,,,,,
8.5,3,NA,NA,Ctrl,,,Yes,11,,,,,,,,
15.3,1.3,NA,NA,Ctrl,,,Yes,15,,442.66,,,3.1,,,
4.9,1.3,NA,NA,Ctrl,,,Yes,12.5,,442.66,,,3.1,,,
7.5,0.7,NA,NA,Ctrl,,,Yes,13.5,,885.32,,,3.1,,,
1.3,0.6,NA,NA,Ctrl,No,No,,17.8,,486.926,,,10,,25,
8,5,NA,NA,Ctrl,No,No,,15.9,,2.4,,0.29,,8,36.1,58
24.8,2.163715939,NA,NA,Ctrl,No,No,,,,,,,,,,
93.3,0.01,NA,NA,Ctrl,No,No,,,37,1610,,,,100,36,7
10.9,7,NA,NA,Ctrl,No,No,,9.55,,287.95,,,24.52,,8,54.2
6.3,4.4,NA,NA,Ctrl,No,No,,10.39,,695.51,,,21.455,,22,60.4
6.3,4.4,NA,NA,Ctrl,No,No,,10.39,,695.51,,,21.455,,22,60.4
10.9,7,NA,NA,Ctrl,No,No,,9.55,,287.95,,,24.52,,8,54.2
10.9,7,NA,NA,Ctrl,No,No,,9.55,,287.95,,,24.52,,8,54.2
14.9,8.4,NA,NA,Ctrl,No,No,,9.14,,283.52,,,15.325,,13,16.7
14.9,8.4,NA,NA,Ctrl,No,No,,9.14,,283.52,,,15.325,,13,16.7
14.9,8.4,NA,NA,Ctrl,No,No,,9.14,,283.52,,,15.325,,13,16.7
4.9,0.9,NA,NA,Ctrl,Yes,No,,,,,,,,,,
27.1,3.3,NA,NA,Ctrl,Yes,No,,,,,,,,,,
52.6,1.8,NA,NA,Ctrl,Yes,No,,,,,,,,,,
6.3,4.4,NA,NA,Ctrl,Yes,No,,10.39,,695.51,,,21.455,,22,60.4
28,3.9,NA,NA,Ctrl,,No,,18.6,5,70,,176.7,,,,
139.5,11.6,NA,NA,Ctrl,,No,,3.2,5.7,126.7,,226.7,4.2,,,
2.7,0.3,NA,NA,Ctrl,,No,,18.6,,,,0.441,,6,163,60
2.4,0.8,NA,NA,Ctrl,,No,,14.6,,,,0.457,,7,145,60
0.1,0.02,NA,NA,Ctrl,,No,,14.6,,,,0.457,,7,145,0.6
0.19,0.07,NA,NA,Ctrl,,No,,18.6,,,,0.441,,6,163,0.6
14.6,2.898562862,NA,NA,Ctrl,No,Yes,,,,,,,,,,
8.5,0.938971068,NA,NA,Ctrl,No,Yes,,,,,,,,,,
65.3,0.6,NA,NA,Ctrl,Yes,Yes,,18,,5311.92,,,250,,11,
8.6,0.5,NA,NA,Ctrl,Yes,Yes,,23.9,46.44,1976.03424,,,6.13,92.91,4.7,
2.3,1.1,NA,NA,Ctrl,Yes,Yes,,9.45,,407.56,,,27.585,,10,44.1
2.3,1.1,NA,NA,Ctrl,Yes,Yes,,9.45,,407.56,,,27.585,,10,44.1
2.3,1.1,NA,NA,Ctrl,Yes,Yes,,9.45,,407.56,,,27.585,,10,44.1
3.1,0.9,NA,NA,Ctrl,Yes,Yes,,8.56,,230.36,,,15.325,,10,20.8
10.1,3.5,NA,NA,Ctrl,Yes,Yes,,9.23,,115.18,,,15.325,,5,27.4
3.1,0.9,NA,NA,Ctrl,Yes,Yes,,8.56,,230.36,,,15.325,,10,20.8
3.1,0.9,NA,NA,Ctrl,Yes,Yes,,8.56,,230.36,,,15.325,,10,20.8
10.1,3.5,NA,NA,Ctrl,Yes,Yes,,9.23,,115.18,,,15.325,,5,27.4
10.1,3.5,NA,NA,Ctrl,Yes,Yes,,9.23,,115.18,,,15.325,,5,27.4
24,1.4,NA,NA,Ctrl,Yes,Yes,,,,,,,,,,
321.3,22.5,NA,NA,Ctrl,No,,,9.65,,3410,,,3.9,,,13.5
152.4,13.3,NA,NA,Ctrl,No,,,9.65,,3410,,,3.9,,,13.5
14.1,1.8,NA,NA,Ctrl,No,,,8.53,,,,,,,,12
63.9,27.7,NA,NA,Ctrl,No,,,9.65,,3410,,,3.9,,,13.5
14.3,2,NA,NA,Ctrl,No,,,8.53,,,,,,,,12
1.83,0.01,NA,NA,Ctrl,No,,,8.53,,,,,,,,12
194.8,36.8,NA,NA,Ctrl,No,,,9.65,,3410,,,3.9,,,13.5
19.9,6.6,NA,NA,Ctrl,No,,,8.53,,,,,,,,12
8.82,1.23,NA,NA,Ctrl,No,,,19.8,19,140,,,8,,50.3,
2.41,0.42,NA,NA,Ctrl,No,,,19.8,17,270,,,20,,32.3,
2.03,0.71,NA,NA,Ctrl,No,,,14.2,16,189,,,20,,22.9,
2.41,0.42,NA,NA,Ctrl,No,,,19.8,17,270,,,20,,32.3,
2.03,0.71,NA,NA,Ctrl,No,,,14.2,16,189,,,20,,22.9,
8.82,1.23,NA,NA,Ctrl,No,,,19.8,19,140,,,8,,50.3,
1.08,0.09,NA,NA,Ctrl,No,,,16.6,14,144,,,4,,95.3,
2.02,0.49,NA,NA,Ctrl,No,,,21.4,22,600,,,46,,84.4,
2.02,0.49,NA,NA,Ctrl,No,,,21.4,22,600,,,46,,84.4,
27.1,3.3,NA,NA,Ctrl,Yes,,,,,,,,,,,
52.6,1.8,NA,NA,Ctrl,Yes,,,,,,,,,,,
9.1,0.4,NA,NA,Ctrl,Yes,,,,,,,,,,,
9,1.7,NA,NA,Ctrl,Yes,,,10.3,79.74,201.5,,,7.6,11.15,40.62,
1.08,0.09,NA,NA,Ctrl,Yes,,,16.6,14,144,,,4,,95.3,
9.47,2.61,1.072555577,0.087628652,N,Yes,No,No,20.2,,,13.9,,3.6,,8.2,
116,11.7,0.597837001,0.01901741,N,Yes,No,No,29.45,,,,,,,22.64,22.33
43.2,4.8,0.322222398,0.027085035,N,Yes,No,No,29.13,,,,,,,18.07,0
88.5,8.2,0.244557646,0.012258112,N,Yes,No,No,28.66,,,,,,,14.56,18.62
2.1,0.1,0.84729786,0.05165029,N,Yes,No,No,,,,,0.03,,16,,86.3
7.6,1.6,0.834225779,0.118701495,N,Yes,No,No,,,,,0.17,,14,,68.6
9.4,2.8,0.987946721,0.248727931,N,Yes,No,No,,,,,,,,,
3.9,0.8,1.178654996,0.292077581,N,Yes,No,No,,,,,,,,,
23.9,1.9,0.305979557,0.01458438,N,Yes,No,No,,,,,,,,,
82.3,5.5,0.597064075,0.009456106,N,Yes,No,No,,,,29.9,0.424,43.2,64.9,14.5,
217.4,36.1,1.282406871,0.030568693,N,Yes,No,No,,,,599.9,1.278,176.8,247.7,11.4,73.6
99.9,14,0.676273331,0.024661269,N,Yes,No,No,17.5,,250,,,10,,,
61.7,14.1,1.289070587,0.067483247,N,Yes,No,No,23,,60,,,,,,
69.3,3.5,0.197149565,0.006334415,N,Yes,No,No,7.5,1.26,1798,,,28.5,,90.8,
52.7,4.9,0.537100766,0.114059185,N,Yes,No,No,8.5,18,3410,,,28.5,,186.6,
347.6,10.8,0.412973084,0.033209024,N,Yes,No,No,8.5,54,3658,,,107.3,,54.8,
72.7,1.7,0.245046043,0.004330456,N,Yes,No,No,7.5,1.26,1798,,,28.5,,90.8,
213.7,10.2,0.163317509,0.002763896,N,Yes,No,No,8,18,1178,,,28.5,,62,
1.29,0.09,0.264692554,0.006499982,N,Yes,No,No,8.8,2.8,12.1,,,1.1,,30,
0.57,0.04,0.214409871,0.0091779,N,Yes,No,No,2.3,1.5,28.9,,,0.8,,89.6,
6.25,0.45,0.280772664,0.014681989,N,Yes,No,No,9.8,1.5,10.1,,,2.2,,11.9,
1.52,0.15,0.73342108,0.046518457,N,Yes,No,No,2.6,1.6,16,,,1.5,,25.8,
1.77,0.19,0.248896047,0.01236303,N,Yes,No,No,9.2,2.7,25.2,,,1.6,,38.5,
2.6,0.45,0.556735325,0.058107506,N,Yes,No,No,,,,,,,,,
3.78,0.15,0.366549692,0.01299595,N,Yes,No,No,8,3.2,10.9,,,2.7,,11.6,
9.9,0.4,0.140772554,0.005012692,N,Yes,No,No,11.7,5.8,627.9,,,6.6,,,85.3
11.2,2.8,0.826678573,0.144132653,N,Yes,No,No,6.5,3.8,164.9,,,4.8,,,42
6.5,0.600832755,0.303186259,0.029551323,N,Yes,No,No,13.72222222,,14.16576,,,0.02,,,
0.8,0.316227766,1.386294361,0.38125,N,Yes,No,No,7.222222222,,7.96824,,,0.02,,,
28.4,1.707629936,0.237328186,0.018700255,N,Yes,No,No,,,9.119208,,,0.03,,,
373.3,37.4,0.571947065,0.029375299,N,Yes,No,No,25.8,21.6,280.2,308.8,0.58,50.2,107,11.4,25.6
3.49,0.3,0.264084942,0.024235838,N,Yes,No,No,,60,50,,,80,160,,
21,2.9,0.858471161,0.047475799,N,Yes,No,No,,35,43,,,1,11,,0
25.92,1.723517997,0.810930216,0.005971518,N,Yes,No,No,,,2.2,4.4,0.091,14.8,41,,
17.7,2.2,2.40356101,0.015453828,N,Yes,No,No,,,,44,,3,,28.8,
10.6,3.25,1.052521181,0.208140279,N,Yes,No,No,,10,2,,,,14,2,24
9.4,0.7,0.517943092,0.025953659,N,Yes,No,No,,,,,,,,,
7.5,1.9,1.272965676,0.209302494,N,Yes,Yes,No,,,,,,,,,
0.8,0.2,0.980829253,0.173611111,N,Yes,Yes,No,,,,,,,,,
15.3,2.1,1.269237806,0.096718843,N,Yes,Yes,No,24,,20,,,,,,
22.4,2,0.757685702,0.021033163,N,Yes,Yes,No,15,,20,,,,,,
6.11,0.31,0.411209892,0.02035197,N,Yes,Yes,No,11.8,0.7,10.4,,,2.7,,9.1,
5.5,0.734846923,0.675128675,0.0212526,N,Yes,Yes,No,,,,,,,,,
7.5,0.6,0.53329848,0.024995041,N,Yes,Yes,No,9.5,,,,,,,,
13.08,1.22,0.707004215,0.078166677,N,Yes,No,Yes,18.6,,,100.4,,7.4,,29.6,
23.3,2.2,1.644375964,0.009409077,N,Yes,No,Yes,12.5,,,,0.2,,9.5,,
70.3,3.7,0.199249231,0.004807602,N,Yes,No,Yes,30.73,,,,,,,22.5,3.76
136.1,12.6,0.710190943,0.014156699,N,Yes,No,Yes,31.52,,,,,,,18.44,2.72
91.7,4.2,0.144024011,0.00404088,N,Yes,No,Yes,28.55,,,,,,,17.75,41.49
123.5,6.1,0.644935553,0.005699909,N,Yes,No,Yes,27.13,,,,,,,19.34,38.04
62.2,6.2,0.355297849,0.011640197,N,Yes,No,Yes,28.93,,,,,,,19.27,8.85
8.8,1.8,1.145132304,0.062247006,N,Yes,No,Yes,,,,,,,,,
19.3,4.2,1.370869891,0.32890633,N,Yes,No,Yes,,,,,,,,,
9.6,2.4,0.850776125,0.110685604,N,Yes,No,Yes,,,,,,,,,
31.9,3.2,0.837937418,0.025238178,N,Yes,No,Yes,,,,,,,,,
81.1,12.1,0.634482845,0.031351599,N,Yes,No,Yes,17.5,,250,,,10,,,
10.79,1.043551628,0.585195031,0.015417947,N,Yes,No,Yes,21.5,161,25,,,34,,28,
2.05,0.145464772,0.395756294,0.010081307,N,Yes,No,Yes,21.5,161,25,,,34,,28,
2.95,0.313065488,0.284297974,0.018325425,N,Yes,No,Yes,20.2,798.5,30,,,22,,55,
3.49,0.44,0.479793515,0.031519779,N,Yes,No,Yes,8.5,2.6,13.8,,,1.3,,27.8,
27.43,4.22,0.94045942,0.024453267,N,Yes,No,Yes,21,3.6,249.2,,,1.4,,399.8,
21.85,3.16,0.523877632,0.025861192,N,Yes,No,Yes,,,,,,,,,
2.07,0.06,0.369874163,0.002062713,N,Yes,No,Yes,,,,,,,,,
1.12,0.04,0.693147181,0.021683673,N,Yes,No,Yes,9.9,4.1,13,,,2.1,,18.4,
3.19,0.33,0.594707108,0.039756298,N,Yes,No,Yes,16.9,1.4,2.2,,,1.7,,4.6,
2.8,0.33,0.597837001,0.046948157,N,Yes,No,Yes,,,,,,,,,
25.1,2.1,1.741263305,0.011648649,N,Yes,No,Yes,,,,,,,,,
2.1,0.3,0.559615788,0.048185941,N,Yes,No,Yes,6.9,6.2,79.2,,,6.4,,,46.6
138.5,13.7,0.503631348,0.027056241,N,Yes,No,Yes,22.9,22.1,50.2,84.7,0.16,5.1,7.1,43.8,29
199.1,16,0.645577536,0.009035207,N,Yes,No,Yes,21.7,12.6,19.3,41,0.25,14.7,58,9.1,37.8
289.7,16.1,1.374285296,0.008515798,N,Yes,No,Yes,23.2,16.5,15.5,48.9,0.05,9.1,63.4,14.3,50.3
55,4.9,0.920846548,0.038044986,N,Yes,No,Yes,16.1,,299.5,,0.72,2.2,40.1,,
8.5,1.1,0.887303195,0.134298425,N,Yes,No,Yes,16.5,,5.7,,0.28,0.5,13.7,,
13.55,1.170042734,0.858927337,0.011826902,N,Yes,No,Yes,,40,40,,,70,150,,
28.54,3.35201432,1.950123638,0.018708406,N,Yes,No,Yes,,40,20,,,60,160,,
16.45,2.846049894,1.564854006,0.048946861,N,Yes,No,Yes,,40,90,,,90,180,,
43,2,0.670157662,0.076543497,N,Yes,No,Yes,6.4,,6.3,,0.04,,11,3.5,67
27,8,0.897941593,0.120849346,N,Yes,No,Yes,7.1,,12.7,,0.03,,10,3.4,5
24.8,6,1.05908145,0.065157981,N,Yes,No,Yes,,35,43,,,1,11,,50
66,18.29348049,1.368275856,0.112539683,N,Yes,No,Yes,,,0,0.7,0.071,5.1,28.8,,
64.192,5.926482937,1.312328829,0.030128719,N,Yes,No,Yes,,,1.1,6.6,0.19,7.1,45.2,,
86.1,7.748271697,0.731987014,0.014274343,N,Yes,No,Yes,,,0.6,5.7,0.23,2.6,32.4,,
16.5,2.740242429,1.704748092,0.031549259,N,Yes,No,Yes,,,0.7,6,0.19,7.9,78.6,,
57.24,2.959461824,1.279048831,0.020771416,N,Yes,No,Yes,,,0.1,2.6,0.12,5.3,27.3,,
82.41,18.75081751,0.999239815,0.057640058,N,Yes,No,Yes,,,1.2,6.1,0.1,4.9,25.5,,
42,3.651136809,0.755022584,0.013393656,N,Yes,No,Yes,,,0.4,2.9,0.11,4,25.3,,
20.77,3.983745546,0.541130973,0.041390575,N,Yes,No,Yes,,,0.2,3.5,0.14,7.2,29.9,,
63.8,4.989131044,0.582284588,0.011689232,N,Yes,No,Yes,,,2.3,12.3,0.19,5.5,37.2,,
12,1.133893419,0.287682072,0.014642857,N,Yes,No,Yes,,,1.2,4.1,0.079,1.7,21.9,,
29.04,2.744022074,0.434285547,0.016359429,N,Yes,No,Yes,,,1.5,5.4,0.2,3.1,31.3,,
16.53,2.521023035,0.78495473,0.026641138,N,Yes,No,Yes,,,1.1,5,0.17,1.9,41.8,,
17.6,2.539921259,0.423814247,0.023582178,N,Yes,No,Yes,,,15,22.4,0.21,1.5,32.4,,
24.08,2.857411416,0.327212911,0.017091228,N,Yes,No,Yes,,,0.1,1.2,0.077,1.3,20,,
83.23,8.111117591,0.940983344,0.016057098,N,Yes,No,Yes,,,3.3,5.9,0.16,16.4,41.8,,
18,3.968626967,1.504077397,0.057539683,N,Yes,No,Yes,,,0.7,6.1,0.19,17.5,89.9,,
16.53,3.069071521,0.78495473,0.042079922,N,Yes,No,Yes,,,0,2.5,0.087,6.2,30.3,,
112.8,21.77075365,1.199255814,0.094907155,N,Yes,No,Yes,,,0.2,8.6,0.12,3.2,51,,
27.84,7.343849711,1.428853976,0.073904774,N,Yes,No,Yes,,,0.9,6,0.25,7.4,63.1,,
2,0.01,5.298317367,0.125003125,N,Yes,No,Yes,,,,11,,5,,4.8,
229.8,26.4,2.935773414,0.013198074,N,Yes,No,Yes,,,,76,,10,,17.3,
3.1,0.4,1.488077055,0.037057487,N,Yes,No,Yes,,,,37,,2,,33.9,
2.7,0.01,0.730887509,0.000009111,N,Yes,No,Yes,,,,22,,4,,12.7,
146.7,16.7,1.482832288,0.05344096,N,Yes,No,Yes,,,,56,,5,,27.5,
35,3,2.456735773,0.007348328,N,Yes,No,Yes,,,,21,,4,,11.7,
2.4,0.7,0.780158558,0.118127296,N,Yes,No,Yes,,,,40,,3,,26.3,
27.5,5.8,1.116961427,0.115593756,N,Yes,No,Yes,,,,25,,9,,5.8,
113,14,2.095498979,0.058877443,N,Yes,No,Yes,,,,,,,,,
72,5.3,1.561971375,0.037390878,N,Yes,No,Yes,,,,,,,,,
123.3,16.4,1.504077397,0.10725395,N,Yes,No,Yes,,,,,,,,,
7.3,1.85,1.199416988,0.089533974,N,Yes,No,Yes,,10,2,,,,9,3,6
47.9,3.35,1.923205355,0.063870827,N,Yes,No,Yes,,20,3,,,,28,2,13
15.3,2.05,0.73997848,0.028507948,N,Yes,No,Yes,,6,3,,,,16,1,13
31.8,4.1,1.008461192,0.022642775,N,Yes,No,Yes,15.5,3.86358,10.18164,,,10.11959522,,3.6,
52.6,4.1,0.932582419,0.071631488,N,Yes,No,Yes,23,7.72716,39.8412,,,42.93161607,,2.4,
16.5,1.8,0.562650692,0.040873212,N,Yes,No,Yes,14.3,5.537798,240.81792,,,11.03955842,,36.1,
3,0.8,0.916290732,0.098888889,N,Yes,No,Yes,9.5,,,,,,,,
4.19,0.08,0.07686558,0.000603678,N,Yes,No,Yes,16.9,8.6,14.7,,,6.6,,7.3,
3.62,0.04,0.065644104,0.000261322,N,Yes,No,Yes,19,16.4,16.4,,,11.7,,5.7,
3.2,0.15,0.14792013,0.006450574,N,Yes,No,Yes,10.1,10.6,7.7,,,1.8,,13.9,
1.1,0.4,4.700480366,0.257231405,N,Yes,Yes,Yes,12,,,,0.22,,13.4,,
2.09,0.164438438,0.351901665,0.01556143,N,Yes,Yes,Yes,16.6,67,17,,,13,,13,
22.1,0.87911319,0.167588987,0.00442291,N,Yes,Yes,Yes,20.2,798.5,30,,,22,,55,
205.9,21,0.37226803,0.020136215,N,Yes,Yes,Yes,7.5,1.26,1798,,,28.5,,90.8,
204,4.1,0.11686434,0.00088963,N,Yes,Yes,Yes,8,18,1178,,,28.5,,62,
221.9,28,0.447104246,0.025656139,N,Yes,Yes,Yes,7.5,1.26,1798,,,28.5,,90.8,
244.5,10.5,0.544092725,0.011578253,N,Yes,Yes,Yes,7.5,1.26,1798,,,28.5,,90.8,
127.4,11.8,0.67602614,0.009438493,N,Yes,Yes,Yes,8,18,1178,,,28.5,,62,
163.8,7.8,0.927340568,0.003127294,N,Yes,Yes,Yes,8,18,1178,,,28.5,,62,
8.47,1.32,1.261061771,0.031231845,N,Yes,Yes,Yes,6.8,2.3,4.7,,,1.3,,11.8,
20.67,1.51,0.393203865,0.005930733,N,Yes,Yes,Yes,8.1,1.7,12.2,,,1.5,,21.2,
23.45,1.65,1.551450655,0.007902187,N,Yes,Yes,Yes,10.6,1.1,3.2,,,1.4,,6.7,
5.76,0.65,0.464463449,0.013352609,N,Yes,Yes,Yes,1.1,2.7,6.7,,,3,,7,
4.12,0.5,0.379116278,0.032886101,N,Yes,Yes,Yes,18.9,2.9,10.7,,,0.9,,35.4,
10.51,0.6,0.771288747,0.036794803,N,Yes,Yes,Yes,9.2,0.9,10.8,,,1.8,,34,
5.98,0.33,0.275493556,0.01120087,N,Yes,Yes,Yes,12.1,2.5,2.7,,,1.6,,7.1,
39.88,8.11,1.321254461,0.057693159,N,Yes,Yes,Yes,12,2.2,13.4,,,2.7,,13,
8.51,0.91,0.819486103,0.021703115,N,Yes,Yes,Yes,,,,,,,,,
76.1,0.3,0.153056229,1.00E-04,N,Yes,Yes,Yes,18,,5311.92,,,250,,11,
59,3.668242086,0.284297974,0.008347741,N,Yes,Yes,Yes,21.77777778,,10.580052,,,0.03,,,
102.2,5.4,0.991980566,0.007866962,N,Yes,Yes,Yes,25.2,23.1,0,27.9,0.05,4.3,7.3,8.7,28.7
56.9,2.6,0.523797504,0.008040288,N,Yes,Yes,Yes,24.5,13.7,0,21.1,0.11,4.4,6.1,25.5,48.3
49.8,7.9,0.64607967,0.06485899,N,Yes,Yes,Yes,22.8,13.4,424.7,450.7,0.54,5.5,11.7,90.6,38.8
58.6,6,1.954479182,0.015709246,N,Yes,Yes,Yes,17.5,,5.1,,0.37,0.5,24.2,,
15.06,1.555634919,1.358787715,0.025210936,N,Yes,Yes,Yes,,40,20,,,20,70,,
12.29,0.85732141,0.274479671,0.012792119,N,Yes,Yes,Yes,,40,160,,,130,320,,
9,2,0.587786665,0.049383516,N,Yes,Yes,Yes,11.2,,72.5,,0.082,,7,11.6,9
8,1,0.693147181,0.078125,N,Yes,Yes,Yes,18.6,,13.4,,0.064,,7,9.6,70
10.5,1.71464282,0.722134717,0.060563886,N,Yes,Yes,Yes,,,,,,,,,
10.9,1.796292478,0.684014697,0.047048015,N,Yes,Yes,Yes,,,,,,,,,
78.68,8.360574143,1.084477778,0.082347877,N,Yes,Yes,Yes,,,0.6,2.4,0.17,5.7,27.9,,
82.83,16.33940417,1.593627306,0.052973741,N,Yes,Yes,Yes,,,0.9,5.1,0.15,16.5,62.5,,
6.7,2,1.639743262,0.089114102,N,Yes,Yes,Yes,,,,32,,2,,35.8,
10.3,2.7,1.200741784,0.068716543,N,Yes,Yes,Yes,,,,28,,3,,21.7,
53,8.9,1.708528815,0.080716008,N,Yes,Yes,Yes,,,,13,,4,,6.7,
2.2,0.5,1.704748092,0.051731018,N,Yes,Yes,Yes,,,,48,,7,,14.7,
76.3,13.3,0.557324836,0.038762971,N,Yes,Yes,Yes,,,,8695,,40,,480.7,
61.9,13.3,0.968519759,0.220072717,N,Yes,Yes,Yes,,,,78,,4,,46.9,
287.4,29.8,2.018039458,0.035421627,N,Yes,Yes,Yes,,,,,,,,,
76.8,5.5,1.513891018,0.032578668,N,Yes,Yes,Yes,,,,,,,,,
20.2,3.95,0.487986132,0.040205024,N,Yes,Yes,Yes,,5,120,,,,7,39,6
4.06,0.07,0.092850154,0.000655191,N,Yes,Yes,Yes,17.5,8.3,15.5,,,8.3,,7.1,
3.81,0.17,0.102157718,0.003013405,N,Yes,Yes,Yes,18.2,1.9,8.6,,,5.3,,5.3,
3.94,0.07,0.095817923,0.002570572,N,Yes,Yes,Yes,18.6,15.3,17.3,,,8.3,,8.7,
2.94,0.1,0.215519626,0.004646395,N,Yes,Yes,Yes,4.2,15.4,,,,5.1,,12.8,
2.9,0.04,0.240535294,0.019888618,N,Yes,Yes,Yes,16.1,5.1,12,,,5.1,,7.7,
18.1,6.8,1.306676733,0.174879376,N,Yes,No,,,,,,,,,,
128.2,5.1,1.554057817,0.016410804,N,Yes,No,,,,,,,,,,
137.7,14.1,0.962361286,0.011656091,N,Yes,No,,,,,,,,,,
20.3,5.2,1.170071253,0.553397032,N,Yes,No,,10.39,,695.51,,,21.455,,22,60.4
79.6,0.7,0.198022057,0.00016176,N,Yes,Yes,,18,,5311.92,,,250,,11,
13.1,1.1,0.420850027,0.010431077,N,Yes,Yes,,23.9,46.44,1976.03424,,,6.13,92.91,4.7,
33,6.7,2.663598439,0.269954763,N,Yes,Yes,,9.45,,407.56,,,27.585,,10,44.1
30.8,6.8,2.594605567,0.277476924,N,Yes,Yes,,9.45,,407.56,,,27.585,,10,44.1
23.3,3.9,2.315544238,0.256750185,N,Yes,Yes,,9.45,,407.56,,,27.585,,10,44.1
14.5,2,1.542746538,0.103312171,N,Yes,Yes,,8.56,,230.36,,,15.325,,10,20.8
24.2,2.5,0.873817209,0.130758351,N,Yes,Yes,,9.23,,115.18,,,15.325,,5,27.4
14.6,0.5,1.549619417,0.085460029,N,Yes,Yes,,8.56,,230.36,,,15.325,,10,20.8
12.6,0.7,1.402294702,0.087373621,N,Yes,Yes,,8.56,,230.36,,,15.325,,10,20.8
24.3,3.2,0.877940926,0.137427796,N,Yes,Yes,,9.23,,115.18,,,15.325,,5,27.4
21.8,1.1,0.769374546,0.122632348,N,Yes,Yes,,9.23,,115.18,,,15.325,,5,27.4
39.7,5.8,0.503297357,0.024746737,N,Yes,Yes,,,,,,,,,,
192.4,25.3,1.96004281,0.032119659,N,Yes,,,,,,,,,,,
100.2,18.7,0.644452069,0.036000587,N,Yes,,,,,,,,,,,
25.5,2.7,1.030404039,0.013143206,N,Yes,,,,,,,,,,,
35.8,4.5,1.380723316,0.051479081,N,Yes,,,10.3,79.74,201.5,,,7.6,11.15,40.62,
3.71,1.3,1.234070835,0.129727627,N,Yes,,,16.6,14,144,,,4,,95.3,
79.8,5.1,0.220640421,0.006430651,NP,No,No,Yes,30.39,,,,,,,16.19,38.36
108.7,9.2,0.267344446,0.010774904,NP,No,No,Yes,28.41,,,,,,,21.73,21.29
41.6,6.4,0.450955434,0.048787899,NP,No,No,Yes,30.74,,,,,,,21.62,1.03
108.4,9.2,0.208491275,0.010178268,NP,No,No,Yes,29.43,,,,,,,17.11,52.18
16.7,2.8,1.65225791,0.063267692,NP,No,No,Yes,,,,,0.05,,14,,63.7
3.6,0.2,0.587786665,0.06558642,NP,No,No,Yes,,,,,0.02,,14,,55.9
5.5,1.2,0.829279355,0.13267275,NP,No,No,Yes,,,,,,,,,
52.2,5.1,0.974463859,0.108594704,NP,No,No,Yes,,,,,,,,,
38.2,2.9,0.914982687,0.272370135,NP,No,No,Yes,,,,,,,,,
492.4,24.6,2.364149433,0.01985386,NP,No,No,Yes,17.5,,250,,,10,,,
395.6,50.1,2.296536687,0.050608302,NP,No,No,Yes,17.5,,250,,,10,,,
236.3,10.3,0.26384653,0.00238567,NP,No,No,Yes,8,18,1178,,,28.5,,62,
10.57,0.66,0.551371718,0.006835114,NP,No,No,Yes,9,1.1,23.9,,,3.7,,42.1,
3.75,0.53,0.916290732,0.022152889,NP,No,No,Yes,9.6,2.5,4.1,,,3.1,,4.7,
4.56,1.03,0.918486122,0.07142867,NP,No,No,Yes,4.4,11.1,188.3,,,1.1,,420.3,
1.3,0.15,0.324239668,0.022480653,NP,No,No,Yes,2.9,2.3,10.9,,,1.1,,27.6,
17.88,4.46,0.727280187,0.124143307,NP,No,No,Yes,17.1,6.4,212.1,,,1.9,,261.5,
2.9,0.6,0.802346473,0.137480739,NP,No,No,Yes,,,,6.9,0.09,2.5,6.25,25,
3.5,0.9,1.157452789,0.198353854,NP,No,No,Yes,11.7,5.8,627.9,,,6.6,,,85.3
3.2,0.3,0.900786545,0.221806814,NP,No,No,Yes,17.8,,486.926,,,10,,25,
7,1.67600716,0.722134717,0.111392275,NP,No,No,Yes,23.05555556,,2.965956,,,0.02,,,
83.9,2.6,1.352313353,0.015316129,NP,No,No,Yes,21.1,7,0,13,0.07,4.9,4.4,20.3,86.5
122.9,5.2,0.757848449,0.010256761,NP,No,No,Yes,24.5,20.9,117.2,149.4,0.86,5.7,30.7,57.1,16.9
290,24,0.775030662,0.038851414,NP,No,No,Yes,20.2,16.8,370.5,405.7,0.47,6.9,7.5,115,27
172,4,1.650986915,0.033598684,NP,No,No,Yes,17.3,,1.5,,0.109,,12,9.5,5
77,10,2.041220329,0.106866251,NP,No,No,Yes,10,,12.8,,0.04,,6,6.4,70
218,37,1.720933417,0.052475137,NP,No,No,Yes,14.8,,4.9,,0.097,,12,8.3,3
155,50,2.404367787,0.124466436,NP,No,No,Yes,12.3,,52.8,,0.068,,9,8,0
38,9,1.072636802,0.204023177,NP,No,No,Yes,17.1,,67.8,,0.073,,6,12.1,28
55,19,1.704748092,0.209338843,NP,No,No,Yes,12.6,,60.5,,0.082,,6,14.9,24
75.1,14.1,0.597958059,0.041253373,NP,No,No,Yes,12.2,,100,,,100,,,
100.5,2.4,1.665718748,0.003340366,NP,No,No,Yes,,10.5,9.3,,,4.5,,,
23.9,1.802498266,0.213773363,0.009983343,NP,No,No,Yes,,,,,,,,,
178.4,17.68873734,1.54644206,0.074666916,NP,No,No,Yes,,,0.9,12.7,0.17,6.8,26.6,,
92.22,13.70121215,1.542543678,0.023587165,NP,No,No,Yes,,,19.2,25.2,0.17,1.8,47.6,,
63.46,7.755830986,0.827534371,0.025659763,NP,No,No,Yes,,,1.1,6.6,0.21,7.6,50.6,,
18.26,1.746195865,0.634650974,0.021615498,NP,No,No,Yes,,,1.3,5,0.096,1.3,22.3,,
46.46,9.823296654,1.752919636,0.058815788,NP,No,No,Yes,,,0.1,1.2,0.062,1.1,18.6,,
15.36,4.112253466,1.473305738,0.167308228,NP,No,No,Yes,,,1.5,5.5,0.16,1.3,24.1,,
33.8,5.110079675,0.53680111,0.031785714,NP,No,No,Yes,,,7.7,11.9,0.11,2,22.1,,
35.88,6.693750817,0.655406853,0.037439021,NP,No,No,Yes,,,5.2,8.3,0.079,1.7,19.8,,
153.9,16.3,2.145931283,0.058161993,NP,No,No,Yes,,9,110,,,,9,29,3
331.5,64.05,3.200938124,0.078826335,NP,No,No,Yes,,40,110,,,,13,26,12
147.2,11.25,0.310587334,0.005841032,NP,No,No,Yes,,20,1360,,,,62,49,7
31.8,4,0.458746475,0.029491375,NP,No,No,Yes,,12,18,,,,12,6,6
56.4,9.8,1.437214452,0.287710522,NP,No,No,Yes,,,,,,,,,
104,33.5,1.474705318,0.650612357,NP,No,No,Yes,,,,,,,,,
142.6,32.1,1.203505405,0.834807424,NP,No,No,Yes,,,,,,,,,
15.8,3.4,1.191394022,0.098824043,NP,No,No,Yes,9.8,3.606008,60.20448,,,5.519779209,,20.2,
45.3,4,0.385792343,0.013868779,NP,No,No,Yes,,,,,,,,,
19.3,2.8,0.483566696,0.02676748,NP,No,No,Yes,,,,,,,,,
7.7,1.6,0.606135804,0.052247896,NP,No,No,Yes,,,,,,,,,
3.21,0.13,0.519167695,0.004956919,NP,No,No,Yes,13,12.4,8.8,,,2.1,,10,
4.02,0.15,0.431931681,0.003506178,NP,No,No,Yes,13.9,11.5,12.6,,,3.8,,13.4,
4.24,0.19,0.49677387,0.008017309,NP,No,No,Yes,11.1,11.1,5.1,,,3.5,,10.1,
4.2,0.2,0.339811138,0.007200404,NP,No,No,Yes,17,12.3,10,,,8.7,,4.8,
3.7,0.26,0.278713402,0.006481278,NP,No,No,Yes,16.2,5.1,15.1,,,10.1,,6.9,
3.82,0.19,0.196027623,0.005070345,NP,No,No,Yes,17,9.3,15.3,,,8.4,,8,
3.38,0.15,0.217243829,0.006848902,NP,No,No,Yes,0,14.4,11,,,5.3,,10.3,
3.82,0.24,0.261840841,0.013677002,NP,No,No,Yes,10.5,2.8,7.2,,,6.1,,3.7,
3.69,0.14,0.126971462,0.003295094,NP,No,No,Yes,16,6.1,11.5,,,7.7,,7.2,
2.99,0.21,0.21980465,0.012589081,NP,No,No,Yes,4,13.1,8.5,,,4.5,,8.9,
12.38,2.44,0.652002136,0.108312269,NP,Yes,No,Yes,18.6,,,100.4,,7.4,,29.6,
8.6,2,0.647684806,0.054577115,NP,Yes,No,Yes,12.5,,,,0.2,,9.5,,
88.3,5.3,0.42721754,0.005640238,NP,Yes,No,Yes,30.73,,,,,,,22.5,3.76
109.3,9.1,0.490897428,0.012517574,NP,Yes,No,Yes,31.52,,,,,,,18.44,2.72
100.7,4.4,0.237647431,0.003852278,NP,Yes,No,Yes,28.55,,,,,,,17.75,41.49
91.5,8.5,0.345033369,0.011889968,NP,Yes,No,Yes,27.13,,,,,,,19.34,38.04
59.4,5.7,0.309237076,0.010912646,NP,Yes,No,Yes,28.93,,,,,,,19.27,8.85
13.5,3,1.573070268,0.069790879,NP,Yes,No,Yes,,,,,,,,,
23.1,1,1.550597412,0.283423382,NP,Yes,No,Yes,,,,,,,,,
9.1,1,0.79728744,0.06026144,NP,Yes,No,Yes,,,,,,,,,
20.9,2.1,0.415080567,0.025271306,NP,Yes,No,Yes,,,,,,,,,
183.8,58.3,1.452648094,0.109702547,NP,Yes,No,Yes,17.5,,250,,,10,,,
28.1,2.064967312,1.542344828,0.011464462,NP,Yes,No,Yes,21.5,161,25,,,34,,28,
4.08,0.632455532,1.084013489,0.029075428,NP,Yes,No,Yes,21.5,161,25,,,34,,28,
3.16,0.252982213,0.353064832,0.013472374,NP,Yes,No,Yes,20.2,798.5,30,,,22,,55,
6.49,0.3,1.100154309,0.017761747,NP,Yes,No,Yes,8.5,2.6,13.8,,,1.3,,27.8,
43.41,3.31,1.399511945,0.006598646,NP,Yes,No,Yes,21,3.6,249.2,,,1.4,,399.8,
68.93,7.22,1.672768208,0.015916839,NP,Yes,No,Yes,,,,,,,,,
3.33,0.28,0.84529786,0.008292687,NP,Yes,No,Yes,,,,,,,,,
1.28,0.13,0.826678573,0.030723105,NP,Yes,No,Yes,9.9,4.1,13,,,2.1,,18.4,
3.09,0.5,0.562857282,0.055237972,NP,Yes,No,Yes,16.9,1.4,2.2,,,1.7,,4.6,
2.84,0.56,0.612021636,0.071939026,NP,Yes,No,Yes,,,,,,,,,
27.4,1.4,1.828938472,0.007259448,NP,Yes,No,Yes,,,,,,,,,
1.9,0.3,0.459532329,0.052708526,NP,Yes,No,Yes,6.9,6.2,79.2,,,6.4,,,46.6
215.5,16.4,0.945721932,0.023063203,NP,Yes,No,Yes,22.9,22.1,50.2,84.7,0.16,5.1,7.1,43.8,29
146.8,15.9,0.340841441,0.014308407,NP,Yes,No,Yes,21.7,12.6,19.3,41,0.25,14.7,58,9.1,37.8
144.1,34.8,0.675946894,0.063748994,NP,Yes,No,Yes,23.2,16.5,15.5,48.9,0.05,9.1,63.4,14.3,50.3
121.4,6,1.712604242,0.032550468,NP,Yes,No,Yes,16.1,,299.5,,0.72,2.2,40.1,,
32.1,2.9,2.216093062,0.12571282,NP,Yes,No,Yes,16.5,,5.7,,0.28,0.5,13.7,,
32.88,0.4,1.74540536,0.004518574,NP,Yes,No,Yes,,40,40,,,70,150,,
30.51,4.333333333,2.016871525,0.025086478,NP,Yes,No,Yes,,40,20,,,60,160,,
14.32,2.308462692,1.42618569,0.045000868,NP,Yes,No,Yes,,40,90,,,90,180,,
100,2,1.514127733,0.074780165,NP,Yes,No,Yes,6.4,,6.3,,0.04,,11,3.5,67
135,25,2.507379506,0.067351404,NP,Yes,No,Yes,7.1,,12.7,,0.03,,10,3.4,5
20.9,6.1,0.887986956,0.091810982,NP,Yes,No,Yes,,35,43,,,1,11,,50
238.8,23.7361689,2.654247495,0.045594187,NP,Yes,No,Yes,,,0,0.7,0.071,5.1,28.8,,
81.6,6.894071988,1.552279499,0.028742852,NP,Yes,No,Yes,,,1.1,6.6,0.19,7.1,45.2,,
273.88,28.82357071,1.889167657,0.01725166,NP,Yes,No,Yes,,,0.6,5.7,0.23,2.6,32.4,,
36.75,4.34659144,2.505525937,0.017957134,NP,Yes,No,Yes,,,0.7,6,0.19,7.9,78.6,,
70.2,6.735326909,1.483144187,0.027303658,NP,Yes,No,Yes,,,0.1,2.6,0.12,5.3,27.3,,
198.85,23.24481509,1.880083798,0.019534498,NP,Yes,No,Yes,,,1.2,6.1,0.1,4.9,25.5,,
66.57,6.587920765,1.215606992,0.015630051,NP,Yes,No,Yes,,,0.4,2.9,0.11,4,25.3,,
52.08,5.741280345,1.460402333,0.016755013,NP,Yes,No,Yes,,,0.2,3.5,0.14,7.2,29.9,,
254.76,32.76196052,1.966853323,0.022111846,NP,Yes,No,Yes,,,2.3,12.3,0.19,5.5,37.2,,
46.8,5.782856437,1.648658626,0.020982671,NP,Yes,No,Yes,,,1.2,4.1,0.079,1.7,21.9,,
109.56,14.71793658,1.762083701,0.025477226,NP,Yes,No,Yes,,,1.5,5.4,0.2,3.1,31.3,,
82.65,16.00301579,2.394392642,0.040871451,NP,Yes,No,Yes,,,1.1,5,0.17,1.9,41.8,,
100.8,22.3754968,2.1690537,0.052030468,NP,Yes,No,Yes,,,15,22.4,0.21,1.5,32.4,,
41.44,7.513933723,0.870077889,0.035887488,NP,Yes,No,Yes,,,0.1,1.2,0.077,1.3,20,,
60.9,8.768775774,0.628608659,0.027291869,NP,Yes,No,Yes,,,3.3,5.9,0.16,16.4,41.8,,
16,4.535573676,1.386294361,0.089285714,NP,Yes,No,Yes,,,0.7,6.1,0.19,17.5,89.9,,
19.72,4.713216978,0.961411167,0.064732097,NP,Yes,No,Yes,,,0,2.5,0.087,6.2,30.3,,
62.4,10.12944788,0.607204751,0.084008265,NP,Yes,No,Yes,,,0.2,8.6,0.12,3.2,51,,
42.63,16.66067397,1.854938371,0.157061412,NP,Yes,No,Yes,,,0.9,6,0.25,7.4,63.1,,
16.5,1.5,7.408530567,0.133264463,NP,Yes,No,Yes,,,,11,,5,,4.8,
212.7,30.8,2.85844677,0.02096854,NP,Yes,No,Yes,,,,76,,10,,17.3,
4.1,0.8,1.767661918,0.058480739,NP,Yes,No,Yes,,,,37,,2,,33.9,
16,4.4,2.510224458,0.075632396,NP,Yes,No,Yes,,,,22,,4,,12.7,
133.3,30,1.38704483,0.091132245,NP,Yes,No,Yes,,,,56,,5,,27.5,
76,24.3,3.232121052,0.102233037,NP,Yes,No,Yes,,,,21,,4,,11.7,
7.4,2.3,1.90616982,0.129661211,NP,Yes,No,Yes,,,,40,,3,,26.3,
22.7,5.9,0.925140347,0.138665304,NP,Yes,No,Yes,,,,25,,9,,5.8,
165.1,9,2.474662511,0.046499371,NP,Yes,No,Yes,,,,,,,,,
101.8,8,1.90831536,0.038147957,NP,Yes,No,Yes,,,,,,,,,
216.4,41.1,2.066585534,0.125634486,NP,Yes,No,Yes,,,,,,,,,
27.4,3.1,2.522085653,0.03811028,NP,Yes,No,Yes,,10,2,,,,9,3,6
75.9,9.95,2.383506535,0.076165109,NP,Yes,No,Yes,,20,3,,,,28,2,13
32.1,4.05,1.480981682,0.026473872,NP,Yes,No,Yes,,6,3,,,,16,1,13
130.5,13.6,2.420368129,0.016880294,NP,Yes,No,Yes,15.5,3.86358,10.18164,,,10.11959522,,3.6,
82.7,4.9,1.385085902,0.069066387,NP,Yes,No,Yes,23,7.72716,39.8412,,,42.93161607,,2.4,
19.8,2.9,0.744972248,0.050424278,NP,Yes,No,Yes,14.3,5.537798,240.81792,,,11.03955842,,36.1,
6.8,0.3,1.734601055,0.029724145,NP,Yes,No,Yes,9.5,,,,,,,,
4.63,0.06,0.176721714,0.000407067,NP,Yes,No,Yes,16.9,8.6,14.7,,,6.6,,7.3,
3.98,0.07,0.160451898,0.000448562,NP,Yes,No,Yes,19,16.4,16.4,,,11.7,,5.7,
4.21,0.37,0.422231968,0.011977255,NP,Yes,No,Yes,10.1,10.6,7.7,,,1.8,,13.9,
35.3,6.6,3.381561407,0.146068458,NP,,No,Yes,,,,,,,,,
39.6,14.9,3.27336401,0.252684675,NP,,No,Yes,,,,,,,,,
19.9,3,0.708337346,0.116437653,NP,,No,Yes,,,,,,,,,
1.5,0.3,0.628608659,0.055625,NP,,No,Yes,,,,,,,,,
11.94,1.75,0.577786582,0.027505254,NP,No,Yes,Yes,9.3,,,25.1,,5.3,,24.5,
142.2,3.4,1.077734704,0.010821158,NP,No,Yes,Yes,,,,,,,,,10
1.5,0.4,1.098612289,0.111111111,NP,No,Yes,Yes,17.3,9,29,,,6,,9,
103.5,33.5,4.303099376,0.518028544,NP,No,Yes,Yes,,,,,,,,,
23.6,7.9,2.419309367,0.295728195,NP,No,Yes,Yes,,,,,,,,,
17.42,0.401609263,2.078294095,0.003109155,NP,No,Yes,Yes,16.6,67,17,,,13,,13,
40.11,1.053038461,0.774395634,0.006986673,NP,No,Yes,Yes,18.2,194,25,,,15,,52,
69.28,6.109520439,2.527968449,0.016043681,NP,No,Yes,Yes,22.35,371,167,,,27,,131,
50.02,3.642943865,1.505477817,0.025594733,NP,No,Yes,Yes,23.2,148,27,,,9,,428,
1.3,0.04,0.619039208,0.006048786,NP,No,Yes,Yes,,14.69,,,,0.48,,,
5.2,0.6,0.693147181,0.066568047,NP,No,Yes,Yes,,,,,,,,,6.5
35.1,5.3,0.414048852,0.032628469,NP,No,Yes,Yes,14,,40,,,,,,
81.4,7.45,0.633534778,0.015129405,NP,No,Yes,Yes,17.8,,,,1.77,,21,,54
78.46,6.16,1.503822522,0.009584671,NP,No,Yes,Yes,13.4,1.8,9.9,,,0.8,,32.2,
27.3,3.59,1.199100688,0.020282416,NP,No,Yes,Yes,7.5,3,22.6,,,1.1,,51.4,
6.49,1.41,1.304948722,0.054464431,NP,No,Yes,Yes,11.7,0.2,10.9,,,1,,25.8,
62.04,8.16,0.398958277,0.018172593,NP,No,Yes,Yes,13.3,9.7,367.5,,,3.8,,222.7,
12.5,0.3,0.717439873,0.00165098,NP,No,Yes,Yes,,41.7312,5311.92,,,2.2,5.8,,0
10.3,0.4,0.664437075,0.014324102,NP,No,Yes,Yes,,41.7312,5311.92,,,2.2,5.8,,0
4.8,0.1,0.287682072,0.007378472,NP,No,Yes,Yes,,41.7312,5311.92,,,2.2,5.8,,0
7.2,0.3,0.251314428,0.004606009,NP,No,Yes,Yes,,41.7312,5311.92,,,2.2,5.8,,0
0.36,0.05,1.280933845,0.109290123,NP,No,Yes,Yes,,20,200,,,1,2,,13
22.9,0.122474487,0.637931458,0.000586398,NP,No,Yes,Yes,19.2,,,,,,,161,
38.9,3.347635982,0.450150597,0.008717458,NP,No,Yes,Yes,19.2,,,,,,,161,
1.5,0.1,0.762140052,0.024852608,NP,No,Yes,Yes,1,14.6,239.4,,,6.2,,,60.3
27.9,2.276839915,0.525266308,0.015842466,NP,No,Yes,Yes,21.66666667,,11.598216,,,0.04,,,
28.2,2.687936011,0.437900384,0.018552763,NP,No,Yes,Yes,25.55555556,,12.217968,,,0.06,,,
34.4,2.192031022,0.181159442,0.006518921,NP,No,Yes,Yes,25.55555556,,9.030672,,,0.04,,,
68,2,1.580450376,0.021273215,NP,No,Yes,Yes,10.3,,27.6,,0.048,,7,6.9,70
48,4,1.568615918,0.016944444,NP,No,Yes,Yes,17,,38.3,,0.072,,9,8.4,47
166,28,2.278774444,0.059593023,NP,No,Yes,Yes,14.8,,6.3,,0.078,,12,6.8,9
114,22,2.171249091,0.060910867,NP,No,Yes,Yes,14.9,,34.9,,0.073,,10,7.7,46
180,28,2.248517872,0.049128279,NP,No,Yes,Yes,17.3,,2.8,,0.154,,11,14.3,42
120,37,2.222542385,0.148323882,NP,No,Yes,Yes,14.7,,9.6,,0.096,,11,9.2,9
58.7,6.103195884,2.524877218,0.028918058,NP,No,Yes,Yes,,,1505.112,,0.64,15,60,,
26.7,2.593067681,1.716047647,0.017938975,NP,No,Yes,Yes,,,1682.184,,0.605,20,40,,
57.3,4.808326112,1.197594122,0.01357623,NP,No,Yes,Yes,,,177.072,,1.09,25,160,,
0.4,0.04198,0.321583624,0.03522157,NP,No,Yes,Yes,,,,,,,,,
202.5,12.2,2.622892393,0.051017353,NP,No,Yes,Yes,6,,,86.5,,,,,
75.2,5.5,2.633752277,0.033126988,NP,No,Yes,Yes,7.3,,,56.7,,2.2,,58,
7.4,2.4,2.00148,0.145186267,NP,No,Yes,Yes,6.8,,,85.7,,1.7,,122,
148.8,13.5,2.445375811,0.037315963,NP,No,Yes,Yes,,,,87,,9,,22,
94.5,15.5,3.295836866,0.386902942,NP,No,Yes,Yes,,,,57,,2,,57,
7.6,1.3,2.944438979,0.029337128,NP,No,Yes,Yes,,,,17,,5,,7.3,
11.6,2,2.188640834,0.17765551,NP,No,Yes,Yes,,,,44,,10,,9.5,
7.2,2.4,2.197224577,0.126736111,NP,No,Yes,Yes,,,,86,,2,,111.5,
4.5,1.5,1.504077397,0.121111111,NP,No,Yes,Yes,,,,16,,5,,6.9,
61.2,11.1,2.779146123,0.787051126,NP,No,Yes,Yes,,,,,,,,,
34.3,4.5,1.589235205,0.343742828,NP,No,Yes,Yes,,,,,,,,,
21.5,2.4,0.859778522,0.087934766,NP,No,Yes,Yes,,,,,,,,,
1,0.01,0.105360516,0.00003724,NP,No,Yes,Yes,19.2,16.7,369.9,390,,12.7,,72.4,
4.31,0.05,0.300916987,0.000488352,NP,No,Yes,Yes,13.7,8,9.5,,,5.9,,10.2,
4.43,0.09,0.444595532,0.001206234,NP,No,Yes,Yes,17.4,2.2,23.9,,,10.4,,22.3,
4.51,0.14,0.371674427,0.002214635,NP,No,Yes,Yes,18.2,2.6,9.8,,,7.4,,4,
3.68,0.11,0.666335923,0.013239169,NP,No,Yes,Yes,9.8,17.1,9,,,5.1,,11.1,
4.32,0.05,0.242425481,0.001386994,NP,No,Yes,Yes,17.9,8,2.9,,,3.1,,4,
4.53,0.11,0.235359139,0.001089003,NP,No,Yes,Yes,18.7,15.4,13.6,,,6.9,,8.7,
3.67,0.16,0.348533786,0.004420017,NP,No,Yes,Yes,10.3,9,10,,,3,,8.1,
4.45,0.09,0.302016531,0.004880543,NP,No,Yes,Yes,16.1,2.1,7.8,,,2.1,,3.2,
2.9,0.22,0.276253377,0.00676745,NP,No,Yes,Yes,5,8.4,8.4,,,3.5,,8.9,
0.9,0.19,4.49980967,0.169567901,NP,Yes,Yes,Yes,12,,,,0.22,,13.4,,
14.52,0.996117463,2.290264609,0.014077485,NP,Yes,Yes,Yes,16.6,67,17,,,13,,13,
23.63,0.730486139,0.23452847,0.003796195,NP,Yes,Yes,Yes,20.2,798.5,30,,,22,,55,
348.7,7,0.89908937,0.010136987,NP,Yes,Yes,Yes,7.5,1.26,1798,,,28.5,,90.8,
237.7,6,0.269753721,0.001122852,NP,Yes,Yes,Yes,8,18,1178,,,28.5,,62,
335,24.5,0.859007948,0.015082629,NP,Yes,Yes,Yes,7.5,1.26,1798,,,28.5,,90.8,
387.3,33.3,1.004077002,0.017126535,NP,Yes,Yes,Yes,7.5,1.26,1798,,,28.5,,90.8,
89.4,6,0.321815079,0.005364022,NP,Yes,Yes,Yes,8,18,1178,,,28.5,,62,
80,4,0.210721031,0.00335972,NP,Yes,Yes,Yes,8,18,1178,,,28.5,,62,
6.67,0.26,1.022151123,0.008463925,NP,Yes,Yes,Yes,6.8,2.3,4.7,,,1.3,,11.8,
23.19,0.68,0.508241643,0.001453869,NP,Yes,Yes,Yes,8.1,1.7,12.2,,,1.5,,21.2,
35.31,3.31,1.96074637,0.011738713,NP,Yes,Yes,Yes,10.6,1.1,3.2,,,1.4,,6.7,
6.13,0.26,0.526720724,0.002417091,NP,Yes,Yes,Yes,1.1,2.7,6.7,,,3,,7,
17.94,1.76,1.850295972,0.027782591,NP,Yes,Yes,Yes,18.9,2.9,10.7,,,0.9,,35.4,
41.02,4.51,2.133021315,0.045623911,NP,Yes,Yes,Yes,9.2,0.9,10.8,,,1.8,,34,
11.46,1.34,0.925935699,0.021827863,NP,Yes,Yes,Yes,12.1,2.5,2.7,,,1.6,,7.1,
43.27,9.12,1.40283907,0.060761656,NP,Yes,Yes,Yes,12,2.2,13.4,,,2.7,,13,
11.47,2.27,1.117979091,0.049435857,NP,Yes,Yes,Yes,,,,,,,,,
97.8,0.7,0.403932541,0.000135655,NP,Yes,Yes,Yes,18,,5311.92,,,250,,11,
84.8,6.32455532,0.647056073,0.010044663,NP,Yes,Yes,Yes,21.77777778,,10.580052,,,0.03,,,
144.7,2.7,1.339711522,0.005423322,NP,Yes,Yes,Yes,25.2,23.1,0,27.9,0.05,4.3,7.3,8.7,28.7
157.9,5.3,1.544464084,0.007078975,NP,Yes,Yes,Yes,24.5,13.7,0,21.1,0.11,4.4,6.1,25.5,48.3
107.7,10.5,1.41741427,0.049198966,NP,Yes,Yes,Yes,22.8,13.4,424.7,450.7,0.54,5.5,11.7,90.6,38.8
122.4,11.7,2.691038855,0.014362833,NP,Yes,Yes,Yes,17.5,,5.1,,0.37,0.5,24.2,,
34.37,2.782804341,2.183929584,0.021096418,NP,Yes,Yes,Yes,,40,20,,,20,70,,
12.28,1.247282761,0.27366567,0.018242508,NP,Yes,Yes,Yes,,40,160,,,130,320,,
33,3,1.887069649,0.008265263,NP,Yes,Yes,Yes,11.2,,72.5,,0.082,,7,11.6,9
48,6,2.48490665,0.078125,NP,Yes,Yes,Yes,18.6,,13.4,,0.064,,7,9.6,70
16.1,2.939387691,1.149578732,0.067229266,NP,Yes,Yes,Yes,,,,,,,,,
10.1,1.073312629,0.607787332,0.031182818,NP,Yes,Yes,Yes,,,,,,,,,
132.16,5.608992779,1.603102094,0.072857821,NP,Yes,Yes,Yes,,,0.6,2.4,0.17,5.7,27.9,,
62.7,13.96956692,1.315198439,0.063700415,NP,Yes,Yes,Yes,,,0.9,5.1,0.15,16.5,62.5,,
48.7,5.3,3.623314766,0.011851271,NP,Yes,Yes,Yes,,,,32,,2,,35.8,
66.2,12.4,3.061278351,0.035086778,NP,Yes,Yes,Yes,,,,28,,3,,21.7,
139.5,28.9,2.676301503,0.095436131,NP,Yes,Yes,Yes,,,,13,,4,,6.7,
16,4.9,3.688879454,0.093867188,NP,Yes,Yes,Yes,,,,48,,7,,14.7,
74.9,10.7,0.538805788,0.028786486,NP,Yes,Yes,Yes,,,,8695,,40,,480.7,
60.2,12.3,0.940671931,0.215652973,NP,Yes,Yes,Yes,,,,78,,4,,46.9,
421.8,47.8,2.401695752,0.037512671,NP,Yes,Yes,Yes,,,,,,,,,
103.5,13.6,1.812257991,0.044716233,NP,Yes,Yes,Yes,,,,,,,,,
102.2,3.95,2.109235205,0.003461152,NP,Yes,Yes,Yes,,5,120,,,,7,39,6
4.43,0.06,0.180066764,0.000541366,NP,Yes,Yes,Yes,17.5,8.3,15.5,,,8.3,,7.1,
4.56,0.13,0.281851152,0.001835262,NP,Yes,Yes,Yes,18.2,1.9,8.6,,,5.3,,5.3,
4.54,0.03,0.237564212,0.002298588,NP,Yes,Yes,Yes,18.6,15.3,17.3,,,8.3,,8.7,
3.37,0.21,0.352022789,0.007372571,NP,Yes,Yes,Yes,4.2,15.4,,,,5.1,,12.8,
3.51,0.01,0.431440595,0.019706486,NP,Yes,Yes,Yes,16.1,5.1,12,,,5.1,,7.7,
863.9,12.5,1.913340657,0.12312147,NP,,Yes,Yes,,,,,,,,,
582.4,49.9,1.832409775,0.139643407,NP,,Yes,Yes,,,,,,,,,
44.5,7.1,1.21527236,0.044051423,NP,,Yes,Yes,,,,,,,,,
26.2,6.7,3.083437854,0.509839818,NP,,Yes,Yes,,,,,,,,,
11.8,0.6,0.65981076,0.003660444,NP,No,,Yes,,41.7312,5311.92,,,2.2,5.8,,0
9.9,0.3,0.624827937,0.013734222,NP,No,,Yes,,41.7312,5311.92,,,2.2,5.8,,0
16.7,2.683281573,0.464033462,0.039422072,NP,No,,Yes,,,,,,,,,
0.6365,0.0705,0.876254592,0.072431975,NP,,,Yes,,5.57,1.77,,,1.5,,,51
1.9,0.5,4.841558964,0.180363189,NP,,,Yes,,0.66,1.62,,,0.09,,,9
58.3,2.5,2.119691944,0.024338836,NP,,,Yes,10.2,1.8,2.3,,,0.05,,,
36,4,1.994283733,0.053994992,NP,,,Yes,10.2,0.93,1.4,,,0.85,,,
76.4,8.9,1.884977598,0.043296936,NP,,,Yes,10.2,0.93,1.4,,,0.85,,,
52.8,5.8,1.653975767,0.012067016,NP,,,Yes,10.1,73.98,182.9,,,7.6,8.05,36.88,
69.4,11.7,0.780420578,0.185417251,NP,,,Yes,11.5,83.16,226.3,,,7.6,12.08,45.62,
241.5,38.8,1.083815471,0.031758613,NP,,,Yes,,70.6,301.6,,,9.6,,,
49.4,3.8,2.075401132,0.081099262,NP,,,Yes,9.5,,,,,,,,
86.8,15.5,1.954007359,0.083708761,NP,,,Yes,9,,,,,,,,
47.8,17.9,2.408410617,0.278686232,NP,,,Yes,9,,,,,,,,
53.3,15.2,0.931413893,0.186179234,NP,,,Yes,9.5,,,,,,,,
73.7,6.5,1.668113959,0.040126648,NP,,,Yes,5,,,,,,,,
29.8,3,1.785070481,0.020134679,NP,,,Yes,8.5,,,,,,,,
50,5,1.897119985,0.121111111,NP,,,Yes,11,,,,,,,,
26.9,1.1,0.727176929,0.014985781,NP,,,Yes,5,,,,,,,,
47,6,2.346070205,0.028642646,NP,,,Yes,13,,,,,,,,
23.9,4,2.010727649,0.052424777,NP,,,Yes,8.5,,,,,,,,
37.5,7.1,2.316008113,0.054108616,NP,,,Yes,9.5,,,,,,,,
43,10.1,2.350213142,0.555467804,NP,,,Yes,8,,,,,,,,
62.9,16.1,2.947623695,0.088473307,NP,,,Yes,9.5,,,,,,,,
52.9,14.7,2.582108978,0.139718849,NP,,,Yes,8.5,,,,,,,,
15.9,5.6,2.124465223,0.59218977,NP,,,Yes,9,,,,,,,,
35,11.5,1.415281898,0.232526658,NP,,,Yes,11,,,,,,,,
45.3,1.9,1.085454204,0.008978628,NP,,,Yes,15,,442.66,,,3.1,,,
12.8,0.9,0.960209966,0.075331186,NP,,,Yes,12.5,,442.66,,,3.1,,,
15.5,2.8,0.725937003,0.041343785,NP,,,Yes,13.5,,885.32,,,3.1,,,
1.2,0.2,1.791759469,4.027777778,P,No,Yes,No,,,,,,,,,
1.1,0.2,2.397895273,16.03305785,P,No,Yes,No,,,,,,,,,
10.74,1.533704665,0.404069434,0.03652688,P,No,Yes,No,18.5,388.5,27,,,26,,104,
3.55,0.354175098,0.281130809,0.017995461,P,No,Yes,No,18.2,194,25,,,15,,52,
0.44,0.028460499,0.257829109,0.011190805,P,No,Yes,No,23.2,148,27,,,9,,428,
77.2,5.9,0.175093854,0.006700481,P,No,Yes,No,8,18,1178,,,28.5,,62,
81.9,8.7,0.36420365,0.015067853,P,No,Yes,No,7.5,1.26,1798,,,28.5,,90.8,
2.7,0.505964426,0.730887509,0.120323699,P,No,Yes,No,9.833333333,,10.314444,,,0.02,,,
42,5,0.518793793,0.028572336,P,No,Yes,No,9,,167.1,,0.135,,7,18.1,30
62.2,6.366666667,0.306070909,0.014003024,P,No,Yes,No,,,7370.622,,3.185,580,590,,
1.7,0.6,1.803593927,0.278904209,P,No,Yes,No,18,,12.2,,,3.6,,,
10.3,0.664078309,0.21588838,0.008859998,P,No,Yes,No,,49.3,403.1,,,52.3,130.1,,10
9.1,1.328156617,0.321204764,0.026467064,P,No,Yes,No,,9.5,926.9,,,34.2,71.7,,
78.9,5.5,1.787964398,0.023454315,P,No,Yes,No,,21,89,,,,24,10,4
4.4,0.01,0.606135804,0.062501033,P,No,Yes,No,7.2,4.249938,10.18164,,,8.892977614,,4.3,
3.16,0.17,0.291910409,0.021279689,P,No,Yes,No,0,13.6,16.9,,,5.9,,11.5,
3.63,0.08,0.167555087,0.002278821,P,No,Yes,No,17.5,6,19.6,,,8,,3.9,
3.9,0.3,0.619039208,0.151041876,P,Yes,Yes,No,,,,,,,,,
2,0.6,1.897119985,0.201111111,P,Yes,Yes,No,,,,,,,,,
30.7,7.1,1.965647632,0.131365914,P,Yes,Yes,No,24,,20,,,,,,
39.2,7.3,1.31730149,0.047740785,P,Yes,Yes,No,15,,20,,,,,,
6.34,0.69,0.448161887,0.029622358,P,Yes,Yes,No,11.8,0.7,10.4,,,2.7,,9.1,
3.5,0.244948974,0.223143551,0.00829932,P,Yes,Yes,No,,,,,,,,,
8.3,1.5,0.634650974,0.051255805,P,Yes,Yes,No,9.5,,,,,,,,
13.19,1.56,0.67735144,0.020011742,P,No,Yes,Yes,9.3,,,25.1,,5.3,,24.5,
126.2,4.5,0.958368136,0.011520941,P,No,Yes,Yes,,,,,,,,,10
1.1,0.1,0.78845736,0.048264463,P,No,Yes,Yes,17.3,9,29,,,6,,9,
52.7,16.7,3.628143219,0.51368334,P,No,Yes,Yes,,,,,,,,,
23.2,9.1,2.402214934,0.337526769,P,No,Yes,Yes,,,,,,,,,
6.47,0.237170825,1.087851232,0.003921381,P,No,Yes,Yes,16.6,67,17,,,13,,13,
22.92,1.116284014,0.214779846,0.008669442,P,No,Yes,Yes,18.2,194,25,,,15,,52,
55.38,2.615203625,2.304030702,0.010496926,P,No,Yes,Yes,22.35,371,167,,,27,,131,
15.77,1.732928158,0.351164293,0.032365855,P,No,Yes,Yes,23.2,148,27,,,9,,428,
1.2,0.04,0.538996501,0.006213152,P,No,Yes,Yes,,14.69,,,,0.48,,,
4.5,0.7,0.548565952,0.077451969,P,No,Yes,Yes,,,,,,,,,6.5
51.4,14.2,0.795485894,0.086150454,P,No,Yes,Yes,14,,40,,,,,,
770.1,8.15,2.880679881,0.006864884,P,No,Yes,Yes,17.8,,,,1.77,,21,,54
27.69,1.03,0.462304919,0.004804297,P,No,Yes,Yes,13.4,1.8,9.9,,,0.8,,32.2,
10.56,0.9,0.249287264,0.010253372,P,No,Yes,Yes,7.5,3,22.6,,,1.1,,51.4,
3.07,0.5,0.556363753,0.033789168,P,No,Yes,Yes,11.7,0.2,10.9,,,1,,25.8,
53.88,1.63,0.25793829,0.001788175,P,No,Yes,Yes,13.3,9.7,367.5,,,3.8,,222.7,
10.8,0.1,0.571257363,0.001160714,P,No,Yes,Yes,,41.7312,5311.92,,,2.2,5.8,,0
14.6,1,1.013314708,0.01750726,P,No,Yes,Yes,,41.7312,5311.92,,,2.2,5.8,,0
4.8,0.2,0.287682072,0.008680556,P,No,Yes,Yes,,41.7312,5311.92,,,2.2,5.8,,0
7.1,0.3,0.237328186,0.004655258,P,No,Yes,Yes,,41.7312,5311.92,,,2.2,5.8,,0
0.46,0.18,1.526056303,0.243119093,P,No,Yes,Yes,,20,200,,,1,2,,13
26.8,1.71464282,0.795196435,0.004651134,P,No,Yes,Yes,19.2,,,,,,,161,
33.5,1.918766965,0.300701786,0.00459218,P,No,Yes,Yes,19.2,,,,,,,161,
1.3,0.1,0.619039208,0.026325323,P,No,Yes,Yes,1,14.6,239.4,,,6.2,,,60.3
24.2,0.866666667,0.382992252,0.010465284,P,No,Yes,Yes,21.66666667,,11.598216,,,0.04,,,
29.2,2.814427118,0.472747115,0.018757426,P,No,Yes,Yes,25.55555556,,12.217968,,,0.06,,,
35.4,2.877672671,0.209814697,0.009066544,P,No,Yes,Yes,25.55555556,,9.030672,,,0.04,,,
25,2,0.579818495,0.026808163,P,No,Yes,Yes,10.3,,27.6,,0.048,,7,6.9,70
14,1,0.336472237,0.015102041,P,No,Yes,Yes,17,,38.3,,0.072,,9,8.4,47
59,5,1.2443241,0.038323713,P,No,Yes,Yes,14.8,,6.3,,0.078,,12,6.8,9
32,4,0.900786545,0.039293639,P,No,Yes,Yes,14.9,,34.9,,0.073,,10,7.7,46
34,6,0.581921545,0.056072616,P,No,Yes,Yes,17.3,,2.8,,0.154,,11,14.3,42
65,5,1.609437912,0.059171598,P,No,Yes,Yes,14.7,,9.6,,0.096,,11,9.2,9
9,1.066666667,0.649662069,0.03215438,P,No,Yes,Yes,,,1505.112,,0.64,15,60,,
27,3.866666667,1.727220948,0.029016013,P,No,Yes,Yes,,,1682.184,,0.605,20,40,,
24.9,1.7,0.364161302,0.011195728,P,No,Yes,Yes,,,177.072,,1.09,25,160,,
0.39,0.02739,0.296265816,0.029139429,P,No,Yes,Yes,,,,,,,,,
165.9,12.1,2.423537703,0.05270725,P,No,Yes,Yes,6,,,86.5,,,,,
67.4,18.1,2.524246064,0.099894729,P,No,Yes,Yes,7.3,,,56.7,,2.2,,58,
5.4,1.2,1.686398954,0.089382716,P,No,Yes,Yes,6.8,,,85.7,,1.7,,122,
132,13.5,2.325574611,0.039544501,P,No,Yes,Yes,,,,87,,9,,22,
82.8,12.7,3.163665093,0.383525928,P,No,Yes,Yes,,,,57,,2,,57,
6,1.1,2.708050201,0.033689236,P,No,Yes,Yes,,,,17,,5,,7.3,
10.9,1.5,2.126398525,0.166866794,P,No,Yes,Yes,,,,44,,10,,9.5,
5.2,1.4,1.871802177,0.088110207,P,No,Yes,Yes,,,,86,,2,,111.5,
6.5,2.3,1.871802177,0.135207101,P,No,Yes,Yes,,,,16,,5,,6.9,
53.7,7.1,2.648411935,0.771636199,P,No,Yes,Yes,,,,,,,,,
35.7,4,1.62924054,0.339084653,P,No,Yes,Yes,,,,,,,,,
17.3,2.2,0.642432088,0.091645583,P,No,Yes,Yes,,,,,,,,,
1.4,0.1,0.441832752,0.005122617,P,No,Yes,Yes,19.2,16.7,369.9,390,,12.7,,72.4,
3.61,0.09,0.123686856,0.000975312,P,No,Yes,Yes,13.7,8,9.5,,,5.9,,10.2,
3.46,0.07,0.197464537,0.001202795,P,No,Yes,Yes,17.4,2.2,23.9,,,10.4,,22.3,
3.5,0.09,0.118140242,0.001912245,P,No,Yes,Yes,18.2,2.6,9.8,,,7.4,,4,
2.33,0.08,0.209291439,0.013524555,P,No,Yes,Yes,9.8,17.1,9,,,5.1,,11.1,
3.71,0.02,0.090201955,0.001282096,P,No,Yes,Yes,17.9,8,2.9,,,3.1,,4,
3.83,0.1,0.067502003,0.001181075,P,No,Yes,Yes,18.7,15.4,13.6,,,6.9,,8.7,
2.96,0.07,0.133531393,0.003078601,P,No,Yes,Yes,10.3,9,10,,,3,,8.1,
4.08,0.18,0.215209424,0.00641787,P,No,Yes,Yes,16.1,2.1,7.8,,,2.1,,3.2,
3.03,0.38,0.320105259,0.016740702,P,No,Yes,Yes,5,8.4,8.4,,,3.5,,8.9,
0.4,0.09,3.688879454,0.175625,P,Yes,Yes,Yes,12,,,,0.22,,13.4,,
4.45,0.205548048,1.107641695,0.011504664,P,Yes,Yes,Yes,16.6,67,17,,,13,,13,
23.17,0.733648417,0.214869717,0.003843142,P,Yes,Yes,Yes,20.2,798.5,30,,,22,,55,
269.6,35,0.641816795,0.02658774,P,Yes,Yes,Yes,7.5,1.26,1798,,,28.5,,90.8,
219,10.1,0.187816076,0.002612635,P,Yes,Yes,Yes,8,18,1178,,,28.5,,62,
334.6,8.7,0.857813204,0.010410061,P,Yes,Yes,Yes,7.5,1.26,1798,,,28.5,,90.8,
332.6,15.8,0.851817983,0.011990677,P,Yes,Yes,Yes,7.5,1.26,1798,,,28.5,,90.8,
185.5,9.9,1.051749279,0.003708,P,Yes,Yes,Yes,8,18,1178,,,28.5,,62,
130.1,4,0.696997782,0.001805011,P,Yes,Yes,Yes,8,18,1178,,,28.5,,62,
3.6,0.47,0.405465108,0.023989198,P,Yes,Yes,Yes,6.8,2.3,4.7,,,1.3,,11.8,
19.83,2.02,0.351716434,0.010970685,P,Yes,Yes,Yes,8.1,1.7,12.2,,,1.5,,21.2,
12.69,0.55,0.937394442,0.00482977,P,Yes,Yes,Yes,10.6,1.1,3.2,,,1.4,,6.7,
4.56,0.04,0.230848598,0.00069506,P,Yes,Yes,Yes,1.1,2.7,6.7,,,3,,7,
9.07,1.01,1.168235379,0.030558226,P,Yes,Yes,Yes,18.9,2.9,10.7,,,0.9,,35.4,
19.63,2.41,1.39602057,0.048608492,P,Yes,Yes,Yes,9.2,0.9,10.8,,,1.8,,34,
6.85,0.75,0.41132164,0.020143454,P,Yes,Yes,Yes,12.1,2.5,2.7,,,1.6,,7.1,
41.07,7.1,1.350657444,0.046223803,P,Yes,Yes,Yes,12,2.2,13.4,,,2.7,,13,
10.35,1.28,1.01523068,0.025563084,P,Yes,Yes,Yes,,,,,,,,,
90.8,0.6,0.329667249,0.000128091,P,Yes,Yes,Yes,18,,5311.92,,,250,,11,
72.4,5.344249246,0.48896683,0.009930927,P,Yes,Yes,Yes,21.77777778,,10.580052,,,0.03,,,
50.5,2.7,0.287022224,0.007933696,P,Yes,Yes,Yes,25.2,23.1,0,27.9,0.05,4.3,7.3,8.7,28.7
56.3,2.6,0.513196698,0.008085029,P,Yes,Yes,Yes,24.5,13.7,0,21.1,0.11,4.4,6.1,25.5,48.3
60.3,5.3,0.837396789,0.047419405,P,Yes,Yes,Yes,22.8,13.4,424.7,450.7,0.54,5.5,11.7,90.6,38.8
18.5,1.1,0.801515217,0.008761149,P,Yes,Yes,Yes,17.5,,5.1,,0.37,0.5,24.2,,
5.11,0.379473319,0.277944897,0.020055596,P,Yes,Yes,Yes,,40,20,,,20,70,,
10.96,0.379473319,0.159946029,0.009124776,P,Yes,Yes,Yes,,40,160,,,130,320,,
8,1,0.470003629,0.0156258,P,Yes,Yes,Yes,11.2,,72.5,,0.082,,7,11.6,9
12,1,1.098612289,0.069444444,P,Yes,Yes,Yes,18.6,,13.4,,0.064,,7,9.6,70
13.8,1.796292478,0.995428052,0.050840438,P,Yes,Yes,Yes,,,,,,,,,
10.6,0.816496581,0.656105909,0.025823117,P,Yes,Yes,Yes,,,,,,,,,
44.8,4.550692255,0.521296924,0.081374669,P,Yes,Yes,Yes,,,0.6,2.4,0.17,5.7,27.9,,
35.64,5.11385932,0.750305594,0.034648906,P,Yes,Yes,Yes,,,0.9,5.1,0.15,16.5,62.5,,
12,4.7,2.222542385,0.153410174,P,Yes,Yes,Yes,,,,32,,2,,35.8,
47.5,12.5,2.7293276,0.069253378,P,Yes,Yes,Yes,,,,28,,3,,21.7,
18.4,2.2,0.650587566,0.066813202,P,Yes,Yes,Yes,,,,13,,4,,6.7,
8.4,0.9,3.044522438,0.011557717,P,Yes,Yes,Yes,,,,48,,7,,14.7,
92.9,13.3,0.754175544,0.028874453,P,Yes,Yes,Yes,,,,8695,,40,,480.7,
59.6,9.8,0.930655153,0.200943816,P,Yes,Yes,Yes,,,,78,,4,,46.9,
77.1,12,0.702267765,0.048894816,P,Yes,Yes,Yes,,,,,,,,,
25.8,2.7,0.42306087,0.038401885,P,Yes,Yes,Yes,,,,,,,,,
58.4,3.4,1.549619417,0.005356824,P,Yes,Yes,Yes,,5,120,,,,7,39,6
4.11,0.05,0.105090209,0.000505924,P,Yes,Yes,Yes,17.5,8.3,15.5,,,8.3,,7.1,
3.8,0.08,0.099529595,0.001465725,P,Yes,Yes,Yes,18.2,1.9,8.6,,,5.3,,5.3,
4.1,0.09,0.135624173,0.002736779,P,Yes,Yes,Yes,18.6,15.3,17.3,,,8.3,,8.7,
3.38,0.19,0.354985754,0.006649373,P,Yes,Yes,Yes,4.2,15.4,,,,5.1,,12.8,
3.04,0.22,0.287682072,0.024935557,P,Yes,Yes,Yes,16.1,5.1,12,,,5.1,,7.7,
623.4,141,1.587072003,0.174069059,P,,Yes,Yes,,,,,,,,,
379,84,1.402788483,0.181424819,P,,Yes,Yes,,,,,,,,,
469.8,49.9,3.572090243,0.029876755,P,,Yes,Yes,,,,,,,,,
19.8,5.6,2.803360381,0.524436282,P,,Yes,Yes,,,,,,,,,
71.2,1.090022936,1.58447129,0.039649212,P,No,Yes,,,,,,,,,,
19.2,1.306394529,0.814844116,0.016832628,P,No,Yes,,,,,,,,,,
75.7,0.6,0.147786124,0.000147248,P,Yes,Yes,,18,,5311.92,,,250,,11,
10.1,0.4,0.160773221,0.004948679,P,Yes,Yes,,23.9,46.44,1976.03424,,,6.13,92.91,4.7,
24.7,0.7,2.373894121,0.22953662,P,Yes,Yes,,9.45,,407.56,,,27.585,,10,44.1
23.5,1,2.324091298,0.230544233,P,Yes,Yes,,9.45,,407.56,,,27.585,,10,44.1
19.9,2.3,2.157810609,0.242091708,P,Yes,Yes,,9.45,,407.56,,,27.585,,10,44.1
9.7,0.5,1.140723774,0.086944231,P,Yes,Yes,,8.56,,230.36,,,15.325,,10,20.8
30.3,2.8,1.098612289,0.128625734,P,Yes,Yes,,9.23,,115.18,,,15.325,,5,27.4
13.4,2.6,1.463852595,0.121934784,P,Yes,Yes,,8.56,,230.36,,,15.325,,10,20.8
14.7,3.3,1.556445382,0.134682869,P,Yes,Yes,,8.56,,230.36,,,15.325,,10,20.8
21.9,2,0.773951213,0.128426376,P,Yes,Yes,,9.23,,115.18,,,15.325,,5,27.4
20.9,1.6,0.727213735,0.125946938,P,Yes,Yes,,9.23,,115.18,,,15.325,,5,27.4
51.8,6.9,0.769336319,0.021146252,P,Yes,Yes,,,,,,,,,,
