author,citation,l.n.c,l.p.c,l.int.c,control_meas,control_unit,notes
Havens&&,Freshwater Biology 36: 579-597,NA,NA,0.639079959,NA,NA,NA
Havens&&,Freshwater Biology 36: 579-597,NA,NA,0.405465108,NA,NA,NA
Havens&&,Freshwater Biology 36: 579-597,NA,NA,0.693147181,NA,NA,NA
Havens&&,Freshwater Biology 36: 579-597,NA,NA,0.470003629,NA,NA,NA
Havens&&,Freshwater Biology 36: 579-597,NA,NA,1.086189769,NA,NA,NA
Havens&&,Freshwater Biology 36: 579-597,NA,NA,-0.084557388,NA,NA,NA
Havens&&,Freshwater Biology 36: 579-597,NA,NA,-0.117783036,NA,NA,NA
Havens&&,Freshwater Biology 36: 579-597,NA,NA,0.182321557,NA,NA,NA
Havens&&,Freshwater Biology 36: 579-597,NA,NA,0.502091944,NA,NA,NA
Havens&&,Freshwater Biology 36: 579-597,NA,NA,0.296265816,NA,NA,NA
Havens&&,Freshwater Biology 36: 579-597,NA,NA,0.606135804,NA,NA,NA
Havens&&,Freshwater Biology 36: 579-597,NA,NA,0.105360516,NA,NA,NA
Havens&&,Freshwater Biology 36: 579-597,NA,NA,0.826678573,NA,NA,NA
Havens&&,Freshwater Biology 36: 579-597,NA,NA,1.06784063,NA,NA,NA
Havens&&,Freshwater Biology 36: 579-597,NA,NA,0.889857475,NA,NA,NA
Havens&&,Freshwater Biology 36: 579-597,NA,NA,0.54522705,NA,NA,NA
Havens&&,Freshwater Biology 36: 579-597,NA,NA,0,NA,NA,NA
Havens&&,Freshwater Biology 36: 579-597,NA,NA,0.603535022,NA,NA,NA
Havens&&,Freshwater Biology 36: 579-597,NA,NA,0.843429384,NA,NA,NA
Havens&&,Freshwater Biology 36: 579-597,NA,NA,1.084013489,NA,NA,NA
Wheeler&Center2001,Biol Control 21: 168-181,NA,NA,0.051735566,NA,NA,NA
Cottingham&&,J Plankton Research,NA,NA,0.901144747,NA,NA,NA
Tate,Ecology 71:2007-2028,NA,0.053078257,NA,NA,NA,NA
Tate,Ecology 71:2007-2029,0.253330747,0.098940007,2.316065043,NA,NA,NA
Wold&Hershey,J N Am Benth Soc 18:2-14,0.063754515,0.113817106,0.259356479,NA,NA,NA
Wold&Hershey,J N Am Benth Soc 18:2-14,0.024217084,0.005889298,0.303140822,NA,NA,NA
Wold&Hershey,J N Am Benth Soc 18:2-14,0.035062479,0.060837787,0.260840512,NA,NA,NA
Wold&Hershey,J N Am Benth Soc 18:2-14,0.058003433,0.084208141,0.245459442,NA,NA,NA
Wold&Hershey,J N Am Benth Soc 18:2-14,0.075689685,0.151023234,0.295167647,NA,NA,NA
Wold&Hershey,J N Am Benth Soc 18:2-14,0.033114745,0.05442994,0.212696809,NA,NA,NA
Anderson&&,Freshwater Biology 41: 633-651,NA,NA,2.302585093,NA,NA,NA
Anderson&&,Freshwater Biology 41: 633-651,NA,NA,3.068052935,NA,NA,NA
Hill&&,Can J Fish Aquat Sci 49: 504-512,NA,NA,0.402344981,NA,NA,NA
Hill&&,Can J Fish Aquat Sci 49: 504-512,NA,NA,0.655689618,NA,NA,NA
Rosemond,Oecologia 94: 585-594,NA,NA,0.461977318,NA,NA,NA
Rosemond,Oecologia 94: 585-594,NA,NA,0.659245629,NA,NA,NA
Stendera,unpublished diploma thesis,NA,NA,1.149321548,NA,NA,NA
Hillebrand&Kahlert,Limnol Oceanogr 46: 1881-1898,NA,NA,-0.192499256,NA,NA,NA
Hillebrand&Kahlert,Limnol Oceanogr 46: 1881-1898,NA,NA,0.436329708,NA,NA,NA
Hillebrand&Kahlert,Limnol Oceanogr 46: 1881-1898,NA,NA,0.454878268,NA,NA,NA
Hillebrand&Kahlert,Limnol Oceanogr 46: 1881-1898,NA,NA,-0.197026829,NA,NA,NA
Hillebrand&Kahlert,Limnol Oceanogr 46: 1881-1898,NA,NA,0.195338087,NA,NA,NA
Hillebrand&Kahlert,Limnol Oceanogr 46: 1881-1898,NA,NA,-0.298740815,NA,NA,NA
Hillebrand&Kahlert,Limnol Oceanogr 46: 1881-1898,NA,NA,0.328593892,NA,NA,NA
Hillebrand&Kahlert,Limnol Oceanogr 46: 1881-1898,NA,NA,0.897691663,NA,NA,NA
Hillebrand&Kahlert,Limnol Oceanogr 46: 1881-1898,NA,NA,-0.548559305,NA,NA,NA
Hillebrand&Kahlert,Limnol Oceanogr 46: 1881-1898,NA,NA,0.509615768,NA,NA,NA
Hillebrand&Kahlert,Limnol Oceanogr 46: 1881-1898,NA,NA,0.199713541,NA,NA,NA
Hillebrand,J N Am Benthol Soc 21: 349-369,NA,NA,0.295932675,NA,NA,NA
Hillebrand,J N Am Benthol Soc 21: 349-369,NA,NA,0.098066832,NA,NA,NA
Hillebrand,J N Am Benthol Soc 21: 349-369,NA,NA,-0.648104236,NA,NA,NA
Hillebrand&&,Mar Ecol Prog Ser 204: 27-38,NA,NA,0.658791696,NA,NA,NA
Walton&&,Hydrobiologia 302: 31-46,NA,NA,0.896088025,NA,NA,NA
Neckles&&,Oecologia 93: 285-295,NA,NA,0.436717651,NA,NA,NA
Neckles&&,Oecologia 93: 285-295,NA,NA,0.916290729,NA,NA,NA
Neckles&&,Oecologia 93: 285-295,NA,NA,0.028987536,NA,NA,NA
Neckles&&,Oecologia 93: 285-295,NA,NA,-0.191055237,NA,NA,NA
Rosemond&&,Can J Fish Aquat Sci 57: 66-75,NA,NA,0.395895656,NA,NA,NA
Rosemond&&,Can J Fish Aquat Sci 57: 66-75,NA,NA,0.693147181,NA,NA,NA
Rosemond&&,Can J Fish Aquat Sci 57: 66-75,NA,NA,0.241162058,NA,NA,NA
Rosemond&&,Can J Fish Aquat Sci 57: 66-75,NA,NA,0.739667196,NA,NA,NA
Mulholland&&,J North Am Benthol Soc 10: 127-142,NA,NA,0.637577329,NA,NA,NA
Mulholland&&,J North Am Benthol Soc 10: 127-142,NA,NA,0.223143553,NA,NA,NA
Mulholland&&,J North Am Benthol Soc 10: 127-142,NA,NA,1.581786381,NA,NA,NA
Mulholland&&,J North Am Benthol Soc 10: 127-142,NA,NA,0.749236647,NA,NA,NA
Hillebrand&Kahlert,Aquatic Botany 72: 143-159,NA,NA,0.121350999,NA,NA,NA
Hillebrand&Kahlert,Aquatic Botany 72: 143-159,NA,NA,-0.735938256,NA,NA,NA
Hillebrand&Kahlert,Aquatic Botany 72: 143-159,NA,NA,0.050696809,NA,NA,NA
Hillebrand&Kahlert,Aquatic Botany 72: 143-159,NA,NA,-0.184877629,NA,NA,NA
Hillebrand&Kahlert,Aquatic Botany 72: 143-159,NA,NA,0.345180495,NA,NA,NA
Hillebrand&Kahlert,Aquatic Botany 72: 143-159,NA,NA,0.175610717,NA,NA,NA
Pan&Lowe,Hydrobiologia 291: 201-209,NA,0.318453731,NA,NA,NA,NA
Biggs&Lowe,New Zeal J Mar Freshw Res 28: 119-134,0.847297861,-0.182321556,-0.916290732,NA,NA,NA
Flecker&&,Ecology 83: 1831-1844,0.048790164,0.832909123,0.861482495,NA,NA,NA
Hagerthey&&,Mar Ecol Progr Ser 245: 47-59,NA,NA,0.625526993,NA,NA,NA
Hagerthey&&,Mar Ecol Progr Ser 245: 47-59,NA,NA,0.614778113,NA,NA,NA
Hagerthey&&,Mar Ecol Progr Ser 245: 47-59,NA,NA,0.078780878,NA,NA,NA
Hagerthey&&,Mar Ecol Progr Ser 245: 47-59,NA,NA,0.512074843,NA,NA,NA
Winterbourn,Freshwater Biology 23: 464-474,NA,NA,2.459588843,NA,NA,NA
Winterbourn,Freshwater Biology 23: 464-474,NA,NA,2.351375258,NA,NA,NA
Winterbourn,Freshwater Biology 23: 464-474,NA,NA,1.691676011,NA,NA,NA
Liess&Hillebrand,unpublished manuscript,1.152450263,0.187749074,2.395134795,NA,NA,NA
Steinman&&,Oikos 58: 80-90,NA,NA,0.143706721,NA,NA,NA
Steinman&&,Oikos 58: 80-90,NA,NA,0,NA,NA,NA
Winterbourn&Fegley,New Zeal Nat Sci 16: 57-65,0.087011377,0.163972418,NA,NA,NA,NA
Winterbourn&Fegley,New Zeal Nat Sci 16: 57-65,0.470003629,-0.446287102,-0.223143553,NA,NA,NA
Winterbourn&Fegley,New Zeal Nat Sci 16: 57-65,-0.182321555,0.032789823,0.095310182,NA,NA,NA
Jones&&,Freshwater Biology 43: 591-604,NA,NA,0,NA,NA,NA
Jones&&,Freshwater Biology 43: 591-604,NA,NA,0.579818494,NA,NA,NA
Jones&&,Freshwater Biology 43: 591-604,NA,NA,-0.087011375,NA,NA,NA
Jones&&,Freshwater Biology 43: 591-604,NA,NA,-0.133531393,NA,NA,NA
Guildford&&,J Great Lakes Res 29: 89-106,NA,NA,0.504837148,NA,NA,NA
Guildford&&,J Great Lakes Res 29: 89-106,NA,NA,0.565871723,NA,NA,NA
Guildford&&,J Great Lakes Res 29: 89-106,NA,NA,0.581029343,NA,NA,NA
Guildford&&,J Great Lakes Res 29: 89-106,NA,NA,0.138917941,NA,NA,NA
Biggs&&,Arch Hydrobiol 143: 147-177,1.305325299,0.200670695,2.503255788,NA,NA,NA
Biggs&&,Arch Hydrobiol 143: 147-177,0.631271777,0.182321557,1.757857918,NA,NA,NA
Biggs&&,Arch Hydrobiol 143: 147-177,0.847297861,0,-1.098612289,NA,NA,NA
Biggs&&,Arch Hydrobiol 143: 147-177,0.810930216,0.405465108,0.916290732,NA,NA,NA
Biggs&&,Arch Hydrobiol 143: 147-177,0.47000363,0.693147181,0.788457361,NA,NA,NA
Biggs&&,Arch Hydrobiol 143: 147-177,-0.167054085,0.143100844,0.074107972,NA,NA,NA
Biggs&&,Arch Hydrobiol 143: 147-177,0.510825624,0.510825624,0.287682072,NA,NA,NA
Biggs&&,Arch Hydrobiol 143: 147-177,0,0.048790164,0.139761942,NA,NA,NA
Biggs&&,Arch Hydrobiol 143: 147-177,0.944461609,0,1.519825754,NA,NA,NA
Biggs&&,Arch Hydrobiol 143: 147-177,0.955511445,0.182321557,1.481604541,NA,NA,NA
Biggs&&,Arch Hydrobiol 143: 147-177,1.086189769,-0.204794412,1.571697584,NA,NA,NA
Bothwell,Can J Fish Aquat Sci 46: 1293-1301,NA,1.407135335,NA,NA,NA,NA
Bothwell,Can J Fish Aquat Sci 46: 1293-1301,NA,1.662978123,NA,NA,NA,NA
Bothwell,Can J Fish Aquat Sci 46: 1293-1301,NA,1.72693882,NA,NA,NA,NA
Francoeur&&,J N Am Benthol Soc 18: 242-260,0.336472237,1.223775432,1.916922612,NA,NA,NA
Francoeur&&,J N Am Benthol Soc 18: 242-260,0.606135804,1.15267951,1.945910149,NA,NA,NA
Francoeur&&,J N Am Benthol Soc 18: 242-260,0.051293294,0.422856851,1.198695747,NA,NA,NA
Francoeur&&,J N Am Benthol Soc 18: 242-260,-0.247836164,0.237671652,0.413562318,NA,NA,NA
Francoeur&&,J N Am Benthol Soc 18: 242-260,0.575364145,-0.3254224,0.510825624,NA,NA,NA
Francoeur&&,J N Am Benthol Soc 18: 242-260,0.980829253,-0.100083459,1.386294361,NA,NA,NA
Francoeur&&,J N Am Benthol Soc 18: 242-260,-0.287682072,-0.182321557,0.287682072,NA,NA,NA
Francoeur&&,J N Am Benthol Soc 18: 242-260,0.191055237,0.313657559,1.412269848,NA,NA,NA
Francoeur&&,J N Am Benthol Soc 18: 242-260,0.441832752,0.36772478,0.554310736,NA,NA,NA
Francoeur&&,J N Am Benthol Soc 18: 242-260,1.504077397,0.875468737,1.945910149,NA,NA,NA
Francoeur&&,J N Am Benthol Soc 18: 242-260,-0.223143551,-0.287682072,0.606135804,NA,NA,NA
Francoeur&&,J N Am Benthol Soc 18: 242-260,-0.362905494,-0.737598943,-0.191055237,NA,NA,NA
Francoeur&&,J N Am Benthol Soc 18: 242-260,0.405465108,0.438254931,0.810930216,NA,NA,NA
Francoeur&&,J N Am Benthol Soc 18: 242-260,0,-0.16034265,-0.037740328,NA,NA,NA
Francoeur&&,J N Am Benthol Soc 18: 242-260,0.223143551,0.348306694,0.916290732,NA,NA,NA
Francoeur&&,J N Am Benthol Soc 18: 242-263,0.304211374,-0.117783036,0.105360516,NA,NA,NA
Francoeur&&,J N Am Benthol Soc 18: 242-264,1.386294361,1.410986974,1.481604541,NA,NA,NA
Francoeur&&,J N Am Benthol Soc 18: 242-266,0,-0.287682072,0.03509132,NA,NA,NA
Francoeur&&,J N Am Benthol Soc 18: 242-267,0.432133355,0.173271721,0.48342665,NA,NA,NA
Francoeur&&,J N Am Benthol Soc 18: 242-268,0.344840486,0,0.084557388,NA,NA,NA
Francoeur&&,J N Am Benthol Soc 18: 242-269,0.087011377,-0.606135804,-0.257829109,NA,NA,NA
Francoeur&&,J N Am Benthol Soc 18: 242-270,0.693147181,0.039220713,0.125163143,NA,NA,NA
Francoeur&&,J N Am Benthol Soc 18: 242-271,-0.028170877,-0.3254224,-0.3254224,NA,NA,NA
Francoeur&&,J N Am Benthol Soc 18: 242-272,-0.117783036,-0.251314428,0.328504067,NA,NA,NA
Francoeur&&,J N Am Benthol Soc 18: 242-273,0.105360516,0.200670695,0.84729786,NA,NA,NA
Francoeur&&,J N Am Benthol Soc 18: 242-275,0.200670695,0.105360516,0.200670695,NA,NA,NA
Francoeur&&,J N Am Benthol Soc 18: 242-276,-0.080042708,-0.36772478,-0.262364264,NA,NA,NA
Francoeur&&,J N Am Benthol Soc 18: 242-277,0.16907633,-0.026668247,-0.013245227,NA,NA,NA
Francoeur&&,J N Am Benthol Soc 18: 242-278,0.15415068,0.200670695,1.134979933,NA,NA,NA
Francoeur&&,J N Am Benthol Soc 18: 242-279,0.864997437,0.223143551,0.864997437,NA,NA,NA
Francoeur&&,J N Am Benthol Soc 18: 242-280,0.341749294,-0.117783036,0,NA,NA,NA
Francoeur&&,J N Am Benthol Soc 18: 242-281,1.36219681,0.566395475,1.098612289,NA,NA,NA
Francoeur&&,J N Am Benthol Soc 18: 242-282,0.538996501,0.046520016,1.145132304,NA,NA,NA
Francoeur&&,J N Am Benthol Soc 18: 242-283,0.223143551,0.048790164,0.336472237,NA,NA,NA
Francoeur&&,J N Am Benthol Soc 18: 242-284,0.223143551,-0.356674944,0.371563556,NA,NA,NA
Francoeur&&,J N Am Benthol Soc 18: 242-285,0.105360516,0.105360516,0.635988767,NA,NA,NA
Francoeur&&,J N Am Benthol Soc 18: 242-286,0.650587566,0.080042708,0.773189888,NA,NA,NA
Francoeur&&,J N Am Benthol Soc 18: 242-287,0.268263987,-0.619039208,0,NA,NA,NA
Francoeur&&,J N Am Benthol Soc 18: 242-288,0.47957308,0.268263987,0.900786545,NA,NA,NA
Hill&Knight,J Phycol 24: 125-132,-0.980829253,-1.568615918,1.451808968,NA,NA,NA
Hill&Knight,J Phycol 24: 125-132,-0.84729786,-0.646627165,-0.15415068,NA,NA,NA
Pringle&Bowers,Can J Fish Aquat Sci 41: 1247-1251,0.086102699,0.678047374,1.36355828,NA,NA,NA
Pringle,Can J Fish Aquat Sci 44: 619-929,NA,NA,1.897119985,NA,NA,NA
Pringle,Can J Fish Aquat Sci 44: 619-929,NA,NA,1.181499948,NA,NA,NA
Pringle,Can J Fish Aquat Sci 44: 619-929,0.028170877,1.471816535,2.131627295,NA,NA,NA
Pringle,Ecology 71: 905-920,NA,NA,-0.396542767,NA,NA,NA
Pringle,Ecology 71: 905-920,NA,NA,0.032462276,NA,NA,NA
Hillebrand,PhD thesis univ. Kiel,1.207845487,0.514098994,1.333265066,NA,NA,NA
Hillebrand,PhD thesis univ. Kiel,3.325958854,1.494032945,3.635534371,NA,NA,NA
Hillebrand,PhD thesis univ. Kiel,2.843006859,-0.009268539,1.976722904,NA,NA,NA
Hillebrand,PhD thesis univ. Kiel,0.023981572,0.178064416,0.354642873,NA,NA,NA
Hillebrand,PhD thesis univ. Kiel,1.095084102,0.257295467,1.293492831,NA,NA,NA
Hillebrand,PhD thesis univ. Kiel,0.998106844,-0.614592797,1.497869398,NA,NA,NA
Hillebrand,PhD thesis univ. Kiel,NA,NA,0.899608435,NA,NA,NA
Hillebrand,PhD thesis univ. Kiel,NA,NA,0.432536194,NA,NA,NA
Hillebrand,PhD thesis univ. Kiel,NA,NA,0.723767308,NA,NA,NA
Sundbäck&Snoejs,Bot Mar 34: 341-358,NA,NA,0.721318058,NA,NA,NA
Marcus,Ecology 61: 387-399,NA,NA,2.047692843,NA,NA,NA
Karjalainen&&,Hydrobiologia 363: 309-321,0.028171102,NA,0.555525357,NA,NA,NA
Karjalainen&&,Hydrobiologia 363: 309-321,0.082238878,NA,NA,NA,NA,NA
Karjalainen&&,Hydrobiologia 363: 309-321,-0.041719953,NA,NA,NA,NA,NA
Karjalainen&&,Hydrobiologia 363: 309-321,4.73E-07,NA,NA,NA,NA,NA
Karjalainen&&,Hydrobiologia 363: 309-321,-0.054064489,1.386292052,1.709518559,NA,NA,NA
Karjalainen&&,Hydrobiologia 363: 309-321,-0.040820186,1.601403551,1.568613763,NA,NA,NA
Karjalainen&&,Hydrobiologia 363: 309-321,-0.055568766,0.679540935,1.052520035,NA,NA,NA
Karjalainen&&,Hydrobiologia 363: 309-321,-0.076959317,1.431549076,1.30933159,NA,NA,NA
Liess,PhD thesis Univ. Uppsala,NA,NA,0.126751706,NA,NA,NA
Mallory&Richardson,J Anim Ecol 74: 1020-1028,NA,NA,-0.076655406,NA,NA,NA
Mallory&Richardson,J Anim Ecol 74: 1020-1028,NA,NA,0.491187381,NA,NA,NA
Mallory&Richardson,J Anim Ecol 74: 1020-1028,NA,NA,0.299819835,NA,NA,NA
Mallory&Richardson,J Anim Ecol 74: 1020-1028,NA,NA,-0.265301329,NA,NA,NA
Mallory&Richardson,J Anim Ecol 74: 1020-1028,NA,NA,0.434769252,NA,NA,NA
Mallory&Richardson,J Anim Ecol 74: 1020-1028,NA,NA,-0.078936956,NA,NA,NA
Scrimgeour&Chambers,Freshwater Biology 38: 221-231,0,1.945910145,2.240709685,NA,NA,NA
Scrimgeour&Chambers,Freshwater Biology 38: 221-232,0.148420005,-0.15082289,0.530628251,NA,NA,NA
Scrimgeour&Chambers,Freshwater Biology 38: 221-233,0.441832752,0.253780521,0.36772478,NA,NA,NA
Scrimgeour&Chambers,Freshwater Biology 38: 221-234,-0.105360516,1.945910149,2.140066163,NA,NA,NA
Scrimgeour&Chambers,Freshwater Biology 38: 221-235,-1.609437909,2.772588721,2.890371757,NA,NA,NA
Scrimgeour&Chambers,Freshwater Biology 38: 221-236,-0.133531393,0,-0.133531393,NA,NA,NA
Scrimgeour&Chambers,Freshwater Biology 38: 221-237,0.291520849,-0.080042708,0.207639365,NA,NA,NA
Bushong&Bachmann,Hydrobiologia 178: 1-10,0.069566638,0.03122466,NA,NA,NA,NA
Bushong&Bachmann,Hydrobiologia 178: 1-10,0.095930527,0.023609866,NA,NA,NA,NA
Bushong&Bachmann,Hydrobiologia 178: 1-10,0.254660204,0.075929315,NA,NA,NA,NA
Bushong&Bachmann,Hydrobiologia 178: 1-10,0.679688027,-0.103184236,NA,NA,NA,NA
Bushong&Bachmann,Hydrobiologia 178: 1-10,0.119622963,-0.120203089,NA,NA,NA,NA
Bushong&Bachmann,Hydrobiologia 178: 1-10,0.066506497,-0.020261185,NA,NA,NA,NA
Bushong&Bachmann,Hydrobiologia 178: 1-10,0.034565967,-0.128362199,NA,NA,NA,NA
Bushong&Bachmann,Hydrobiologia 178: 1-10,0.027474256,-0.032198076,NA,NA,NA,NA
Bushong&Bachmann,Hydrobiologia 178: 1-10,0.529390279,0.124769409,NA,NA,NA,NA
Chessman&&,Freshwater Biology 28: 349-361,0.550612071,0.12273316,1.016573442,NA,NA,NA
Chessman&&,Freshwater Biology 28: 349-361,0.500876159,0.173148776,0.806592993,NA,NA,NA
Chessman&&,Freshwater Biology 28: 349-361,-0.080945868,0.381940233,0.298810669,NA,NA,NA
Chessman&&,Freshwater Biology 28: 349-361,0.193411991,0.212972507,0.51448112,NA,NA,NA
Chessman&&,Freshwater Biology 28: 349-361,0.664658361,-0.089021974,1.63963629,NA,NA,NA
Chessman&&,Freshwater Biology 28: 349-361,0.162096663,-0.127556798,-0.028702839,NA,NA,NA
Chessman&&,Freshwater Biology 28: 349-361,0.280654716,-0.04207253,0.210706143,NA,NA,NA
Chessman&&,Freshwater Biology 28: 349-361,0.516692248,-0.104328149,0.643158662,NA,NA,NA
Chessman&&,Freshwater Biology 28: 349-361,-0.241041176,0.231256423,0.320480756,NA,NA,NA
Chessman&&,Freshwater Biology 28: 349-361,3.143450031,0.562212245,5.055782803,NA,NA,NA
Chessman&&,Freshwater Biology 28: 349-361,0.371563556,1.169328267,0.983450374,NA,NA,NA
Chessman&&,Freshwater Biology 28: 349-361,-0.080847697,0.154871472,0.00167911,NA,NA,NA
Chessman&&,Freshwater Biology 28: 349-361,0.628489385,-1.385335843,5.766652457,NA,NA,NA
Chessman&&,Freshwater Biology 28: 349-361,0.232490093,-0.009971284,0.10446559,NA,NA,NA
Chessman&&,Freshwater Biology 28: 349-361,1.784500976,-0.527432855,2.020808776,NA,NA,NA
Gibeau&Miller,J Freshw Ecol 5: 171-176,-1.392643405,0.748081035,0.584441678,NA,NA,NA
Gibeau&Miller,J Freshw Ecol 5: 171-176,-1.252831167,0.270334212,0.242963886,NA,NA,NA
Gibeau&Miller,J Freshw Ecol 5: 171-176,-1.650896593,0.117152364,-0.38995451,NA,NA,NA
Keithan&&,J Phycol 24: 581-585,0.633427946,1.594839113,0.371063681,NA,NA,NA
Keithan&&,J Phycol 24: 581-585,2.404367788,2.862200881,3.352407218,NA,NA,NA
Crossley&&,Hydrobiologia 489_ 63-73,NA,NA,1.118030246,NA,NA,NA
Crossley&&,Hydrobiologia 489_ 63-73,NA,NA,1.536866594,NA,NA,NA
Barrat_Segretain,Arch Hydrobiol 161: 133-144,NA,0.215888919,NA,NA,NA,NA
Romo&&,Freshwater Biology 49: 1593-1607,NA,NA,3.784189634,NA,NA,NA
Romo&&,Freshwater Biology 49: 1593-1607,NA,NA,2.708050201,NA,NA,NA
Sharifi&Ghafori,Iran J Sci Technol A 29: A1,0.046520016,NA,1.098612289,NA,NA,NA
Boedeltje&&,Freshwater Biology 50: 1537-1547,-0.280513296,NA,NA,NA,NA,NA
Boedeltje&&,Freshwater Biology 50: 1537-1547,-0.806472202,NA,NA,NA,NA,NA
Best&&,Freshwater Biology 36: 33-44,0.489283779,-0.150060696,1.502254242,NA,NA,NA
Wojdak,Ecological Monographs 75:489-504,NA,NA,-0.215111123,NA,NA,NA
Belliveau&Paul,Mar Ecol Prog Ser 232: 105-114,NA,NA,0.415721608,NA,NA,NA
Belliveau&Paul,Mar Ecol Prog Ser 232: 105-114,NA,NA,0.189490046,NA,NA,NA
Belliveau&Paul,Mar Ecol Prog Ser 232: 105-114,NA,NA,-0.153645757,NA,NA,NA
Belliveau&Paul,Mar Ecol Prog Ser 232: 105-114,NA,NA,-0.27837968,NA,NA,NA
Littler&&,Coral Reefs 10: 199-209,-0.18368187,-0.157981287,-0.188286636,NA,NA,NA
Littler&&,Coral Reefs 10: 199-209,0.330789277,0.320352855,0.327691929,NA,NA,NA
Littler&&,Harmful Algae 5: 565-585,-0.139843512,0.429640339,1.008184136,NA,NA,NA
An,J Environ Sci Health A 38:867–883,NA,NA,0.736443986,NA,NA,NA
An,J Environ Sci Health A 38:867–883,NA,NA,0.326550941,NA,NA,NA
An,J Environ Sci Health A 38:867–883,NA,NA,0.558394041,NA,NA,NA
An,J Environ Sci Health A 38:867–883,NA,NA,0.230806424,NA,NA,NA
An,J Environ Sci Health A 38:867–883,NA,NA,0.335013447,NA,NA,NA
An,J Environ Sci Health A 38:867–883,NA,NA,1.564076645,NA,NA,NA
An,J Environ Sci Health A 38:867–883,NA,NA,0.272378654,NA,NA,NA
An,J Environ Sci Health A 38:867–883,NA,NA,0.587267319,NA,NA,NA
An,J Environ Sci Health A 38:867–883,NA,NA,0.94419952,NA,NA,NA
Baker&&,Regul. Rivers: Res. Mgmt. 16: 327-344,0.663294578,0.162517145,2.049587407,NA,NA,NA
Baker&&,Regul. Rivers: Res. Mgmt. 16: 327-344,0.489545494,-0.171851219,1.359622681,NA,NA,NA
Baker&&,Regul. Rivers: Res. Mgmt. 16: 327-344,0.424880606,-0.390871574,1.457244715,NA,NA,NA
Baker&&,Regul. Rivers: Res. Mgmt. 16: 327-344,0.958844129,0.04255773,1.827345197,NA,NA,NA
Baker&&,Regul. Rivers: Res. Mgmt. 16: 327-344,1.214443916,0.14660621,2.004321509,NA,NA,NA
Baker&&,Regul. Rivers: Res. Mgmt. 16: 327-344,0.924262893,0.076964221,1.593311572,NA,NA,NA
Camacho&&,J Plankton Res 25: 397-404,0.744440475,-0.171850257,3.258188547,NA,NA,NA
Camacho&&,J Plankton Res 25: 397-404,0.677398824,-0.169899037,2.200795635,NA,NA,NA
Camacho&&,J Plankton Res 25: 397-404,0.233874994,-0.12966365,0.719812734,NA,NA,NA
Camacho&&,J Plankton Res 25: 397-404,0.569387969,0.26240286,1.710977792,NA,NA,NA
Camacho&&,J Plankton Res 25: 397-404,0.443237595,0.019206553,0.683549899,NA,NA,NA
Camacho&&,J Plankton Res 25: 397-404,0.114422678,-0.1571196,0.075859087,NA,NA,NA
Jarvenin&&,Hydrobiologia 407: 81-88,-0.538996501,-0.538996501,0.27720608,NA,NA,NA
Jarvenin&&,Hydrobiologia 407: 81-88,-0.931543791,-0.451954532,0.662390997,NA,NA,NA
Jarvenin&&,Hydrobiologia 407: 81-88,-0.767284274,-0.133504352,0.344088974,NA,NA,NA
Marchi&&,Lake and Reservoir Management 22: 33-43,0.344847134,0,0.38570077,NA,NA,NA
Marchi&&,Lake and Reservoir Management 22: 33-43,0.763379255,0.017891505,1.110755619,NA,NA,NA
Dzialowski&&,J Plankt Res 27: 587-595,1.183770097,0.034938051,1.053149915,NA,NA,NA
Dzialowski&&,J Plankt Res 27: 587-595,-0.183922838,-0.061875404,0.916290732,NA,NA,NA
Dzialowski&&,J Plankt Res 27: 587-595,0.368603515,0.028170877,0.684538806,NA,NA,NA
Dzialowski&&,J Plankt Res 27: 587-595,0.130734188,1.094880941,1.35652604,NA,NA,NA
Dzialowski&&,J Plankt Res 27: 587-595,0.405465108,0,0.405465108,NA,NA,NA
Dzialowski&&,J Plankt Res 27: 587-595,-0.05942342,0.056089467,0.191891008,NA,NA,NA
Dzialowski&&,J Plankt Res 27: 587-595,0.225550291,0.869426423,1.149503896,NA,NA,NA
Dzialowski&&,J Plankt Res 27: 587-595,0.268424256,0.371281641,1.106753447,NA,NA,NA
Dzialowski&&,J Plankt Res 27: 587-595,0.902238979,-0.123613955,0.974998333,NA,NA,NA
Dzialowski&&,J Plankt Res 27: 587-595,0.381613892,-0.073331273,0.751987681,NA,NA,NA
Dzialowski&&,J Plankt Res 27: 587-595,0.021053409,0.638488768,0.49365782,NA,NA,NA
Dzialowski&&,J Plankt Res 27: 587-595,0.078117779,0.462160452,0.849028505,NA,NA,NA
Dzialowski&&,J Plankt Res 27: 587-595,1.038893054,-0.01754431,1.010810085,NA,NA,NA
Dzialowski&&,J Plankt Res 27: 587-595,-0.116921338,0.117016458,0.216223108,NA,NA,NA
Dzialowski&&,J Plankt Res 27: 587-595,0.94957671,0.400323709,0.856050652,NA,NA,NA
Dzialowski&&,J Plankt Res 27: 587-595,-0.057987258,-0.360707208,1.112598531,NA,NA,NA
Dzialowski&&,J Plankt Res 27: 587-595,0.59351734,-0.017391743,1.149043142,NA,NA,NA
Dzialowski&&,J Plankt Res 27: 587-595,-0.024692612,0.293761119,1.633535464,NA,NA,NA
Dzialowski&&,J Plankt Res 27: 587-595,0.54910781,0.115069329,0.505935638,NA,NA,NA
Dzialowski&&,J Plankt Res 27: 587-595,-0.066249385,0.84729786,0.990398704,NA,NA,NA
Dzialowski&&,J Plankt Res 27: 587-595,0,-0.492476485,0.510825624,NA,NA,NA
Dzialowski&&,J Plankt Res 27: 587-595,0.246400414,0.395612812,1.855838326,NA,NA,NA
Dzialowski&&,J Plankt Res 27: 587-595,0.646291763,-0.135545492,1.641482342,NA,NA,NA
Dzialowski&&,J Plankt Res 27: 587-595,0.368907512,-0.390197636,0.007662872,NA,NA,NA
Dzialowski&&,J Plankt Res 27: 587-595,0.071743905,-0.036469679,-0.065457217,NA,NA,NA
Dzialowski&&,J Plankt Res 27: 587-595,-0.050430854,-0.085522174,-0.033336421,NA,NA,NA
Dzialowski&&,J Plankt Res 27: 587-595,0.743578034,0.033901552,0.791587253,NA,NA,NA
Dzialowski&&,J Plankt Res 27: 587-595,0.250122178,0.381333553,0.90574741,NA,NA,NA
Dzialowski&&,J Plankt Res 27: 587-595,0.120627988,0.570544858,1.644706051,NA,NA,NA
Dzialowski&&,J Plankt Res 27: 587-595,0.342944751,0.241162057,1.566087471,NA,NA,NA
Dzialowski&&,J Plankt Res 27: 587-595,0.481144173,-0.220787838,0.389616916,NA,NA,NA
Dzialowski&&,J Plankt Res 27: 587-595,0.316337328,-0.123613956,0.393769068,NA,NA,NA
Dzialowski&&,J Plankt Res 27: 587-595,0.22054277,-0.336472236,1.136833502,NA,NA,NA
Dzialowski&&,J Plankt Res 27: 587-595,0.531697198,-0.018349139,0.832118297,NA,NA,NA
Dzialowski&&,J Plankt Res 27: 587-595,0.456758403,0.071095922,0.366104034,NA,NA,NA
Dzialowski&&,J Plankt Res 27: 587-595,1.006441829,0.140581951,1.153672066,NA,NA,NA
Dzialowski&&,J Plankt Res 27: 587-595,0.946806276,0.074610864,0.973762086,NA,NA,NA
Dzialowski&&,J Plankt Res 27: 587-595,0.044272824,0.046239393,0.114577171,NA,NA,NA
Nydick&&,Hydrobiologia 510: 103-114,-0.349116083,0.310687815,0.661822113,NA,NA,NA
Nydick&&,Hydrobiologia 510: 103-114,-0.000496644,0.380438438,0.721985837,NA,NA,NA
Nydick&&,Hydrobiologia 510: 103-114,-0.346064868,-0.56305628,0.231852445,NA,NA,NA
Nydick&&,Hydrobiologia 510: 103-114,0.223143551,-0.043456475,1.30512344,NA,NA,NA
Nydick&&,Hydrobiologia 510: 103-114,0.216768031,0.09427511,0.819559773,NA,NA,NA
Nydick&&,Hydrobiologia 510: 103-114,-0.346064868,-0.56305628,0.231852445,NA,NA,NA
Nydick&&,Hydrobiologia 510: 103-114,-1.22373765,0.706295653,0.180140531,NA,NA,NA
Nydick&&,Hydrobiologia 510: 103-114,-0.136737054,0.894575766,0.895815085,NA,NA,NA
Slavik&&,Ecology 85: 939-954,NA,2.367123614,NA,NA,NA,NA
Peterson&Grimm,J N Am Benthol Soc 11: 20-36,0.45946851,NA,NA,NA,NA,NA
Peterson&Grimm,J N Am Benthol Soc 11: 20-36,-0.060439002,NA,NA,NA,NA,NA
Twomey&Thompson,J Phycol 37: 16-29,0.196429771,0.05917192,1.584034234,NA,NA,NA
Thompson&Hosja,Mar Freshwater Res 47: 659-667,3.316046897,0.422776747,3.534899814,NA,NA,NA
Sommer,Mar Ecol Prog Ser 197: 19-25,NA,NA,0.700927963,NA,NA,NA
